Name,Enchantment,Stat,ValueKind,ValueLow,ValueHigh,RequiredTags,Condition,ConditionValue,Scale,ScaleStep,Action,ActionEvent,FractionOf,ScaleMaxSteps,StackSeconds,ScaleOffset,EverySeconds,EveryNth,ScaleStepHigh,StackSecondsHigh,Condition2,ConditionValue2,ConditionValueHigh,TriggerCooldown,EventValue,Ailment,DamageShare
Positive_Double_your_energy_shield#1,Positive_Double_your_energy_shield,max_energy_shield,more,100.0,100.0,,,0.0,,0.0,,,,0,0.0,0.0,0.0,0,0.0,0.0,,0.0,0.0,0.0,0.0,,0.0
Positive_Double_your_life_leech#1,Positive_Double_your_life_leech,life_leech,more,100.0,100.0,,,0.0,,0.0,,,,0,0.0,0.0,0.0,0,0.0,0.0,,0.0,0.0,0.0,0.0,,0.0
Positive_Retaliation_damage_applies_to_all_enemies_within#1,Positive_Retaliation_damage_applies_to_all_enemies_within,retaliation_radius_metres,flat,3.0,3.0,,,0.0,,0.0,,,,0,0.0,0.0,0.0,0,0.0,0.0,,0.0,0.0,0.0,0.0,,0.0
Positive_Increase_your_auras_AOE_by_100#1,Positive_Increase_your_auras_AOE_by_100,area_of_effect,increased,100.0,100.0,Slot.Aura,,0.0,,0.0,,,,0,0.0,0.0,0.0,0,0.0,0.0,,0.0,0.0,0.0,0.0,,0.0
Positive_Your_retaliation_damage_is_tripled_while_below_3#1,Positive_Your_retaliation_damage_is_tripled_while_below_3,retaliation,more,200.0,200.0,,health_below,30.0,,0.0,,,,0,0.0,0.0,0.0,0,0.0,0.0,,0.0,0.0,0.0,0.0,,0.0
Negative_DoTs_deal_double_damage_to_you#1,Negative_DoTs_deal_double_damage_to_you,damage_over_time_taken,more,100.0,100.0,,,0.0,,0.0,,,,0,0.0,0.0,0.0,0,0.0,0.0,,0.0,0.0,0.0,0.0,,0.0
Negative_You_have_20_less_hp#1,Negative_You_have_20_less_hp,max_health,more,-20.0,-20.0,,,0.0,,0.0,,,,0,0.0,0.0,0.0,0,0.0,0.0,,0.0,0.0,0.0,0.0,,0.0
Positive_Additional_100_300_crit_multiplier#1,Positive_Additional_100_300_crit_multiplier,crit_multiplier,flat,100.0,300.0,,,0.0,,0.0,,,,0,0.0,0.0,0.0,0,0.0,0.0,,0.0,0.0,0.0,0.0,,0.0
Positive_Your_evasiveness_is_increased_by_200_500#1,Positive_Your_evasiveness_is_increased_by_200_500,evasion,increased,200.0,500.0,,,0.0,,0.0,,,,0,0.0,0.0,0.0,0,0.0,0.0,,0.0,0.0,0.0,0.0,,0.0
Positive_Gain_10_30_increased_health#1,Positive_Gain_10_30_increased_health,max_health,increased,10.0,30.0,,,0.0,,0.0,,,,0,0.0,0.0,0.0,0,0.0,0.0,,0.0,0.0,0.0,0.0,,0.0
Positive_Your_ultimate_ability_deals_40_80_increased_da#1,Positive_Your_ultimate_ability_deals_40_80_increased_da,attack_damage,increased,40.0,80.0,Slot.Ultimate,,0.0,,0.0,,,,0,0.0,0.0,0.0,0,0.0,0.0,,0.0,0.0,0.0,0.0,,0.0
Positive_Your_ultimate_ability_deals_40_80_increased_da#2,Positive_Your_ultimate_ability_deals_40_80_increased_da,spell_damage,increased,40.0,80.0,Slot.Ultimate,,0.0,,0.0,,,,0,0.0,0.0,0.0,0,0.0,0.0,,0.0,0.0,0.0,0.0,,0.0
Positive_Your_heavy_attack_deals_30_60_increased_damage#1,Positive_Your_heavy_attack_deals_30_60_increased_damage,attack_damage,increased,30.0,60.0,Slot.Heavy,,0.0,,0.0,,,,0,0.0,0.0,0.0,0,0.0,0.0,,0.0,0.0,0.0,0.0,,0.0
Positive_Your_heavy_attack_deals_30_60_increased_damage#2,Positive_Your_heavy_attack_deals_30_60_increased_damage,spell_damage,increased,30.0,60.0,Slot.Heavy,,0.0,,0.0,,,,0,0.0,0.0,0.0,0,0.0,0.0,,0.0,0.0,0.0,0.0,,0.0
Positive_When_your_class_resource_is_full_critical_strik#1,Positive_When_your_class_resource_is_full_critical_strik,crit_chance,increased,15.0,30.0,,class_resource_at_maximum,0.0,,0.0,,,,0,0.0,0.0,0.0,0,0.0,0.0,,0.0,0.0,0.0,0.0,,0.0
Positive_Your_skills_ignore_10_25_of_enemy_armor#1,Positive_Your_skills_ignore_10_25_of_enemy_armor,armor_penetration,flat,10.0,25.0,,,0.0,,0.0,,,,0,0.0,0.0,0.0,0,0.0,0.0,,0.0,0.0,0.0,0.0,,0.0
Positive_Your_skills_ignore_10_25_of_enemy_resistances#1,Positive_Your_skills_ignore_10_25_of_enemy_resistances,penetration,flat,10.0,25.0,,,0.0,,0.0,,,,0,0.0,0.0,0.0,0,0.0,0.0,,0.0,0.0,0.0,0.0,,0.0
Positive_Retaliation_damage_is_increased_by_50_100_whil#1,Positive_Retaliation_damage_is_increased_by_50_100_whil,retaliation,increased,50.0,100.0,,health_below,50.0,,0.0,,,,0,0.0,0.0,0.0,0,0.0,0.0,,0.0,0.0,0.0,0.0,,0.0
Positive_Your_maximum_class_resource_is_increased_by_20#1,Positive_Your_maximum_class_resource_is_increased_by_20,class_resource,increased,20.0,40.0,,,0.0,,0.0,,,,0,0.0,0.0,0.0,0,0.0,0.0,,0.0,0.0,0.0,0.0,,0.0
Positive_Melee_skills_deal_20_40_increased_damage#1,Positive_Melee_skills_deal_20_40_increased_damage,attack_damage,increased,20.0,40.0,Type.Melee,,0.0,,0.0,,,,0,0.0,0.0,0.0,0,0.0,0.0,,0.0,0.0,0.0,0.0,,0.0
Positive_Melee_skills_deal_20_40_increased_damage#2,Positive_Melee_skills_deal_20_40_increased_damage,spell_damage,increased,20.0,40.0,Type.Melee,,0.0,,0.0,,,,0,0.0,0.0,0.0,0,0.0,0.0,,0.0,0.0,0.0,0.0,,0.0
Positive_Ranged_skills_deal_20_40_increased_damage#1,Positive_Ranged_skills_deal_20_40_increased_damage,attack_damage,increased,20.0,40.0,Type.Ranged,,0.0,,0.0,,,,0,0.0,0.0,0.0,0,0.0,0.0,,0.0,0.0,0.0,0.0,,0.0
Positive_Ranged_skills_deal_20_40_increased_damage#2,Positive_Ranged_skills_deal_20_40_increased_damage,spell_damage,increased,20.0,40.0,Type.Ranged,,0.0,,0.0,,,,0,0.0,0.0,0.0,0,0.0,0.0,,0.0,0.0,0.0,0.0,,0.0
Positive_Your_retaliation_damage_is_increased_by_50_100#1,Positive_Your_retaliation_damage_is_increased_by_50_100,retaliation,increased,50.0,100.0,,,0.0,,0.0,,,,0,0.0,0.0,0.0,0,0.0,0.0,,0.0,0.0,0.0,0.0,,0.0
Positive_Retaliation_damage_hits_all_enemies_within_3_5_m#1,Positive_Retaliation_damage_hits_all_enemies_within_3_5_m,retaliation_radius_metres,flat,3.0,5.0,,,0.0,,0.0,,,,0,0.0,0.0,0.0,0,0.0,0.0,,0.0,0.0,0.0,0.0,,0.0
Positive_Spells_deal_20_40_increased_damage#1,Positive_Spells_deal_20_40_increased_damage,attack_damage,increased,20.0,40.0,Type.Spell,,0.0,,0.0,,,,0,0.0,0.0,0.0,0,0.0,0.0,,0.0,0.0,0.0,0.0,,0.0
Positive_Spells_deal_20_40_increased_damage#2,Positive_Spells_deal_20_40_increased_damage,spell_damage,increased,20.0,40.0,Type.Spell,,0.0,,0.0,,,,0,0.0,0.0,0.0,0,0.0,0.0,,0.0,0.0,0.0,0.0,,0.0
Positive_While_below_30_HP_your_attack_speed_is_increase#1,Positive_While_below_30_HP_your_attack_speed_is_increase,attack_speed,increased,30.0,60.0,,health_below,30.0,,0.0,,,,0,0.0,0.0,0.0,0,0.0,0.0,,0.0,0.0,0.0,0.0,,0.0
Positive_While_below_40_HP_you_deal_30_60_increased_da#1,Positive_While_below_40_HP_you_deal_30_60_increased_da,attack_damage,increased,30.0,60.0,,health_below,40.0,,0.0,,,,0,0.0,0.0,0.0,0,0.0,0.0,,0.0,0.0,0.0,0.0,,0.0
Positive_While_below_40_HP_you_deal_30_60_increased_da#2,Positive_While_below_40_HP_you_deal_30_60_increased_da,spell_damage,increased,30.0,60.0,,health_below,40.0,,0.0,,,,0,0.0,0.0,0.0,0,0.0,0.0,,0.0,0.0,0.0,0.0,,0.0
Positive_While_below_25_HP_you_take_30_50_less_damage#1,Positive_While_below_25_HP_you_take_30_50_less_damage,damage_taken,more,-30.0,-50.0,,health_below,25.0,,0.0,,,,0,0.0,0.0,0.0,0,0.0,0.0,,0.0,0.0,0.0,0.0,,0.0
Positive_Your_block_chance_is_increased_by_10_20#1,Positive_Your_block_chance_is_increased_by_10_20,block_chance,increased,10.0,20.0,,,0.0,,0.0,,,,0,0.0,0.0,0.0,0,0.0,0.0,,0.0,0.0,0.0,0.0,,0.0
Positive_Gain_5_15_of_your_damage_as_health_leech#1,Positive_Gain_5_15_of_your_damage_as_health_leech,life_leech,flat,5.0,15.0,,,0.0,,0.0,,,,0,0.0,0.0,0.0,0,0.0,0.0,,0.0,0.0,0.0,0.0,,0.0
Positive_Gain_30_50_more_armor#1,Positive_Gain_30_50_more_armor,armor,more,30.0,50.0,,,0.0,,0.0,,,,0,0.0,0.0,0.0,0,0.0,0.0,,0.0,0.0,0.0,0.0,,0.0
Positive_Leech_50_100_more#1,Positive_Leech_50_100_more,life_leech,more,50.0,100.0,,,0.0,,0.0,,,,0,0.0,0.0,0.0,0,0.0,0.0,,0.0,0.0,0.0,0.0,,0.0
Positive_Gain_20_50_movespeed#1,Positive_Gain_20_50_movespeed,movement_speed,increased,20.0,50.0,,,0.0,,0.0,,,,0,0.0,0.0,0.0,0,0.0,0.0,,0.0,0.0,0.0,0.0,,0.0
Positive_Your_special_ability_has_20_40_increased_area#1,Positive_Your_special_ability_has_20_40_increased_area,area_of_effect,increased,20.0,40.0,Slot.Special,,0.0,,0.0,,,,0,0.0,0.0,0.0,0,0.0,0.0,,0.0,0.0,0.0,0.0,,0.0
Positive_Your_aura_affects_a_30_60_larger_area#1,Positive_Your_aura_affects_a_30_60_larger_area,area_of_effect,increased,30.0,60.0,Slot.Aura,,0.0,,0.0,,,,0,0.0,0.0,0.0,0,0.0,0.0,,0.0,0.0,0.0,0.0,,0.0
Positive_Your_energy_shield_recharges_30_60_faster#1,Positive_Your_energy_shield_recharges_30_60_faster,energy_shield_regen,increased,30.0,60.0,,,0.0,,0.0,,,,0,0.0,0.0,0.0,0,0.0,0.0,,0.0,0.0,0.0,0.0,,0.0
Positive_Your_aura_radius_is_increased_by_30_60#1,Positive_Your_aura_radius_is_increased_by_30_60,area_of_effect,increased,30.0,60.0,Slot.Aura,,0.0,,0.0,,,,0,0.0,0.0,0.0,0,0.0,0.0,,0.0,0.0,0.0,0.0,,0.0
Positive_Spells_have_20_40_increased_area_of_effect#1,Positive_Spells_have_20_40_increased_area_of_effect,area_of_effect,increased,20.0,40.0,Type.Spell,,0.0,,0.0,,,,0,0.0,0.0,0.0,0,0.0,0.0,,0.0,0.0,0.0,0.0,,0.0
Positive_While_below_35_HP_your_movement_speed_is_increa#1,Positive_While_below_35_HP_your_movement_speed_is_increa,movement_speed,increased,20.0,40.0,,health_below,35.0,,0.0,,,,0,0.0,0.0,0.0,0,0.0,0.0,,0.0,0.0,0.0,0.0,,0.0
Negative_You_take_20_35_more_damage#1,Negative_You_take_20_35_more_damage,damage_taken,more,20.0,35.0,,,0.0,,0.0,,,,0,0.0,0.0,0.0,0,0.0,0.0,,0.0,0.0,0.0,0.0,,0.0
Negative_You_deal_20_35_less_damage#1,Negative_You_deal_20_35_less_damage,attack_damage,more,-20.0,-35.0,,,0.0,,0.0,,,,0,0.0,0.0,0.0,0,0.0,0.0,,0.0,0.0,0.0,0.0,,0.0
Negative_You_deal_20_35_less_damage#2,Negative_You_deal_20_35_less_damage,spell_damage,more,-20.0,-35.0,,,0.0,,0.0,,,,0,0.0,0.0,0.0,0,0.0,0.0,,0.0,0.0,0.0,0.0,,0.0
Negative_You_take_15_25_more_damage_while_above_50_HP#1,Negative_You_take_15_25_more_damage_while_above_50_HP,damage_taken,more,15.0,25.0,,health_above,50.0,,0.0,,,,0,0.0,0.0,0.0,0,0.0,0.0,,0.0,0.0,0.0,0.0,,0.0
Negative_CC_effects_applied_to_you_last_40_70_longer#1,Negative_CC_effects_applied_to_you_last_40_70_longer,crowd_control_resistance,flat,-40.0,-70.0,,,0.0,,0.0,,,,0,0.0,0.0,0.0,0,0.0,0.0,,0.0,0.0,0.0,0.0,,0.0
Negative_You_are_permanently_slowed_by_10_20#1,Negative_You_are_permanently_slowed_by_10_20,movement_speed,more,-10.0,-20.0,,,0.0,,0.0,,,,0,0.0,0.0,0.0,0,0.0,0.0,,0.0,0.0,0.0,0.0,,0.0
Negative_Your_attack_speed_is_reduced_by_20_35#1,Negative_Your_attack_speed_is_reduced_by_20_35,attack_speed,increased,-20.0,-35.0,,,0.0,,0.0,,,,0,0.0,0.0,0.0,0,0.0,0.0,,0.0,0.0,0.0,0.0,,0.0
Negative_You_take_20_35_increased_damage_while_above_75#1,Negative_You_take_20_35_increased_damage_while_above_75,damage_taken,increased,20.0,35.0,,health_above,75.0,,0.0,,,,0,0.0,0.0,0.0,0,0.0,0.0,,0.0,0.0,0.0,0.0,,0.0
Negative_Each_skill_use_costs_an_additional_2_4_of_your#1,Negative_Each_skill_use_costs_an_additional_2_4_of_your,added_health_cost_of_current,flat,2.0,4.0,,,0.0,,0.0,,,,0,0.0,0.0,0.0,0,0.0,0.0,,0.0,0.0,0.0,0.0,,0.0
Negative_Melee_damage_you_deal_is_reduced_by_15_30#1,Negative_Melee_damage_you_deal_is_reduced_by_15_30,attack_damage,increased,-15.0,-30.0,Type.Melee,,0.0,,0.0,,,,0,0.0,0.0,0.0,0,0.0,0.0,,0.0,0.0,0.0,0.0,,0.0
Negative_Melee_damage_you_deal_is_reduced_by_15_30#2,Negative_Melee_damage_you_deal_is_reduced_by_15_30,spell_damage,increased,-15.0,-30.0,Type.Melee,,0.0,,0.0,,,,0,0.0,0.0,0.0,0,0.0,0.0,,0.0,0.0,0.0,0.0,,0.0
Negative_Your_maximum_class_resource_is_reduced_by_20_40#1,Negative_Your_maximum_class_resource_is_reduced_by_20_40,class_resource,increased,-20.0,-40.0,,,0.0,,0.0,,,,0,0.0,0.0,0.0,0,0.0,0.0,,0.0,0.0,0.0,0.0,,0.0
Negative_Debuffs_applied_to_you_last_30_50_longer#1,Negative_Debuffs_applied_to_you_last_30_50_longer,debuff_duration_taken,increased,30.0,50.0,,,0.0,,0.0,,,,0,0.0,0.0,0.0,0,0.0,0.0,,0.0,0.0,0.0,0.0,,0.0
Negative_Your_retaliation_damage_is_reduced_by_50_75#1,Negative_Your_retaliation_damage_is_reduced_by_50_75,retaliation,increased,-50.0,-75.0,,,0.0,,0.0,,,,0,0.0,0.0,0.0,0,0.0,0.0,,0.0,0.0,0.0,0.0,,0.0
Negative_Mana_regeneration_is_reduced_by_50_75#1,Negative_Mana_regeneration_is_reduced_by_50_75,mana_regen,increased,-50.0,-75.0,,,0.0,,0.0,,,,0,0.0,0.0,0.0,0,0.0,0.0,,0.0,0.0,0.0,0.0,,0.0
Negative_Retaliation_damage_is_reduced_by_50_75#1,Negative_Retaliation_damage_is_reduced_by_50_75,retaliation,increased,-50.0,-75.0,,,0.0,,0.0,,,,0,0.0,0.0,0.0,0,0.0,0.0,,0.0,0.0,0.0,0.0,,0.0
Negative_You_have_25_50_less_crit_chance#1,Negative_You_have_25_50_less_crit_chance,crit_chance,more,-25.0,-50.0,,,0.0,,0.0,,,,0,0.0,0.0,0.0,0,0.0,0.0,,0.0,0.0,0.0,0.0,,0.0
Negative_Your_block_chance_is_reduced_by_20_40#1,Negative_Your_block_chance_is_reduced_by_20_40,block_chance,increased,-20.0,-40.0,,,0.0,,0.0,,,,0,0.0,0.0,0.0,0,0.0,0.0,,0.0,0.0,0.0,0.0,,0.0
Negative_You_lose_10_20_movespeed#1,Negative_You_lose_10_20_movespeed,movement_speed,increased,-10.0,-20.0,,,0.0,,0.0,,,,0,0.0,0.0,0.0,0,0.0,0.0,,0.0,0.0,0.0,0.0,,0.0
Negative_Lose_5_15_attack_speed#1,Negative_Lose_5_15_attack_speed,attack_speed,increased,-5.0,-15.0,,,0.0,,0.0,,,,0,0.0,0.0,0.0,0,0.0,0.0,,0.0,0.0,0.0,0.0,,0.0
Negative_You_have_10_20_less_chance_to_evade#1,Negative_You_have_10_20_less_chance_to_evade,evasion,more,-10.0,-20.0,,,0.0,,0.0,,,,0,0.0,0.0,0.0,0,0.0,0.0,,0.0,0.0,0.0,0.0,,0.0
Positive_Your_retaliation_damage_scales_with_your_current#1,Positive_Your_retaliation_damage_scales_with_your_current,retaliation,increased,1.0,1.0,,,0.0,health_missing,2.0,,,,0,0.0,0.0,0.0,0,0.0,0.0,,0.0,0.0,0.0,0.0,,0.0
Positive_Archon_s_Aegis_2_Piece_Bonus_Your_block_chanc#1,Positive_Archon_s_Aegis_2_Piece_Bonus_Your_block_chanc,block_chance,increased,25.0,25.0,,,0.0,,0.0,,,,0,0.0,0.0,0.0,0,0.0,0.0,,0.0,0.0,0.0,0.0,,0.0
Negative_Your_movement_speed_is_reduced_by_10#1,Negative_Your_movement_speed_is_reduced_by_10,movement_speed,increased,-10.0,-10.0,,,0.0,,0.0,,,,0,0.0,0.0,0.0,0,0.0,0.0,,0.0,0.0,0.0,0.0,,0.0
Positive_Mana_Weaver_2_Piece_Bonus_Your_maximum_mana_i#1,Positive_Mana_Weaver_2_Piece_Bonus_Your_maximum_mana_i,max_mana,increased,20.0,20.0,,,0.0,,0.0,,,,0,0.0,0.0,0.0,0,0.0,0.0,,0.0,0.0,0.0,0.0,,0.0
Negative_All_mana_regeneration_effects_are_reduced_by_50#1,Negative_All_mana_regeneration_effects_are_reduced_by_50,mana_regen,increased,-50.0,-50.0,,,0.0,,0.0,,,,0,0.0,0.0,0.0,0,0.0,0.0,,0.0,0.0,0.0,0.0,,0.0
Positive_Divine_Retribution_2_Piece_Bonus_Your_energy#1,Positive_Divine_Retribution_2_Piece_Bonus_Your_energy,max_energy_shield,increased,25.0,25.0,,,0.0,,0.0,,,,0,0.0,0.0,0.0,0,0.0,0.0,,0.0,0.0,0.0,0.0,,0.0
Negative_Your_health_is_reduced_by_10#1,Negative_Your_health_is_reduced_by_10,max_health,increased,-10.0,-10.0,,,0.0,,0.0,,,,0,0.0,0.0,0.0,0,0.0,0.0,,0.0,0.0,0.0,0.0,,0.0
Positive_Warlord_s_Will_2_Piece_Bonus_Your_armor_is_in#1,Positive_Warlord_s_Will_2_Piece_Bonus_Your_armor_is_in,armor,increased,25.0,25.0,,,0.0,,0.0,,,,0,0.0,0.0,0.0,0,0.0,0.0,,0.0,0.0,0.0,0.0,,0.0
Negative_Your_movement_speed_is_reduced_by_10_1#1,Negative_Your_movement_speed_is_reduced_by_10_1,movement_speed,increased,-10.0,-10.0,,,0.0,,0.0,,,,0,0.0,0.0,0.0,0,0.0,0.0,,0.0,0.0,0.0,0.0,,0.0
Positive_You_take_20_40_less_damage_from_Boss_enemies#1,Positive_You_take_20_40_less_damage_from_Boss_enemies,damage_taken,more,-20.0,-40.0,,opponent_is_boss,0.0,,0.0,,,,0,0.0,0.0,0.0,0,0.0,0.0,,0.0,0.0,0.0,0.0,,0.0
Positive_You_take_20_40_less_damage_from_spells#1,Positive_You_take_20_40_less_damage_from_spells,damage_taken,more,-20.0,-40.0,,hit_is_spell,0.0,,0.0,,,,0,0.0,0.0,0.0,0,0.0,0.0,,0.0,0.0,0.0,0.0,,0.0
Positive_You_take_15_30_less_damage_from_melee_attacks#1,Positive_You_take_15_30_less_damage_from_melee_attacks,damage_taken,more,-15.0,-30.0,,hit_is_melee_attack,0.0,,0.0,,,,0,0.0,0.0,0.0,0,0.0,0.0,,0.0,0.0,0.0,0.0,,0.0
Positive_You_take_5_20_less_damage_from_melee_attacks#1,Positive_You_take_5_20_less_damage_from_melee_attacks,damage_taken,more,-5.0,-20.0,,hit_is_melee_attack,0.0,,0.0,,,,0,0.0,0.0,0.0,0,0.0,0.0,,0.0,0.0,0.0,0.0,,0.0
Negative_You_take_20_35_more_damage_from_melee_attacks#1,Negative_You_take_20_35_more_damage_from_melee_attacks,damage_taken,more,20.0,35.0,,hit_is_melee_attack,0.0,,0.0,,,,0,0.0,0.0,0.0,0,0.0,0.0,,0.0,0.0,0.0,0.0,,0.0
Negative_You_take_20_35_increased_damage_from_spells#1,Negative_You_take_20_35_increased_damage_from_spells,damage_taken,increased,20.0,35.0,,hit_is_spell,0.0,,0.0,,,,0,0.0,0.0,0.0,0,0.0,0.0,,0.0,0.0,0.0,0.0,,0.0
Negative_You_take_15_25_increased_damage_from_Boss_enem#1,Negative_You_take_15_25_increased_damage_from_Boss_enem,damage_taken,increased,15.0,25.0,,opponent_is_boss,0.0,,0.0,,,,0,0.0,0.0,0.0,0,0.0,0.0,,0.0,0.0,0.0,0.0,,0.0
Negative_Take_10_20_more_damage_from_Boss_enemies#1,Negative_Take_10_20_more_damage_from_Boss_enemies,damage_taken,more,10.0,20.0,,opponent_is_boss,0.0,,0.0,,,,0,0.0,0.0,0.0,0,0.0,0.0,,0.0,0.0,0.0,0.0,,0.0
Negative_You_take_10_30_more_damage_from_ranged_attacks#1,Negative_You_take_10_30_more_damage_from_ranged_attacks,damage_taken,more,10.0,30.0,,hit_is_ranged_attack,0.0,,0.0,,,,0,0.0,0.0,0.0,0,0.0,0.0,,0.0,0.0,0.0,0.0,,0.0
Positive_Brute_s_Heart_2_Piece_Bonus_You_gain_25_incr#1,Positive_Brute_s_Heart_2_Piece_Bonus_You_gain_25_incr,attack_damage,increased,25.0,25.0,,target_within_metres,5.0,,0.0,,,,0,0.0,0.0,0.0,0,0.0,0.0,,0.0,0.0,0.0,0.0,,0.0
Positive_Brute_s_Heart_2_Piece_Bonus_You_gain_25_incr#2,Positive_Brute_s_Heart_2_Piece_Bonus_You_gain_25_incr,spell_damage,increased,25.0,25.0,,target_within_metres,5.0,,0.0,,,,0,0.0,0.0,0.0,0,0.0,0.0,,0.0,0.0,0.0,0.0,,0.0
Negative_You_take_10_more_damage_from_all_sources#1,Negative_You_take_10_more_damage_from_all_sources,damage_taken,more,10.0,10.0,,,0.0,,0.0,,,,0,0.0,0.0,0.0,0,0.0,0.0,,0.0,0.0,0.0,0.0,,0.0
Positive_Demon_King_s_Regalia_2_Piece_Bonus_You_deal_2#1,Positive_Demon_King_s_Regalia_2_Piece_Bonus_You_deal_2,attack_damage,more,25.0,25.0,,target_within_metres,5.0,,0.0,,,,0,0.0,0.0,0.0,0,0.0,0.0,,0.0,0.0,0.0,0.0,,0.0
Positive_Demon_King_s_Regalia_2_Piece_Bonus_You_deal_2#2,Positive_Demon_King_s_Regalia_2_Piece_Bonus_You_deal_2,spell_damage,more,25.0,25.0,,target_within_metres,5.0,,0.0,,,,0,0.0,0.0,0.0,0,0.0,0.0,,0.0,0.0,0.0,0.0,,0.0
Negative_Ranged_attacks_deal_20_more_damage_to_you#1,Negative_Ranged_attacks_deal_20_more_damage_to_you,damage_taken,more,20.0,20.0,,hit_is_ranged_attack,0.0,,0.0,,,,0,0.0,0.0,0.0,0,0.0,0.0,,0.0,0.0,0.0,0.0,,0.0
Positive_Staggered_enemies_take_20_35_increased_damage#1,Positive_Staggered_enemies_take_20_35_increased_damage,attack_damage,increased,20.0,35.0,,target_is_staggered,0.0,,0.0,,,,0,0.0,0.0,0.0,0,0.0,0.0,,0.0,0.0,0.0,0.0,,0.0
Positive_Staggered_enemies_take_20_35_increased_damage#2,Positive_Staggered_enemies_take_20_35_increased_damage,spell_damage,increased,20.0,35.0,,target_is_staggered,0.0,,0.0,,,,0,0.0,0.0,0.0,0,0.0,0.0,,0.0,0.0,0.0,0.0,,0.0
Negative_Staggered_enemies_deal_15_30_increased_damage#1,Negative_Staggered_enemies_deal_15_30_increased_damage,damage_taken,increased,15.0,30.0,,opponent_is_staggered,0.0,,0.0,,,,0,0.0,0.0,0.0,0,0.0,0.0,,0.0,0.0,0.0,0.0,,0.0
Negative_You_cannot_use_movement_abilities_while_stationa#1,Negative_You_cannot_use_movement_abilities_while_stationa,skill_locked,flat,1.0,1.0,Slot.Movement,stationary_for_seconds,2.0,,0.0,,,,0,0.0,0.0,0.0,0,0.0,0.0,,0.0,0.0,0.0,0.0,,0.0
Positive_Stagger_effects_you_apply_last_50_100_longer#1,Positive_Stagger_effects_you_apply_last_50_100_longer,stagger_duration,increased,50.0,100.0,,,0.0,,0.0,,,,0,0.0,0.0,0.0,0,0.0,0.0,,0.0,0.0,0.0,0.0,,0.0
Negative_You_cannot_stagger_enemies_above_50_HP#1,Negative_You_cannot_stagger_enemies_above_50_HP,stagger_health_ceiling_reduction,flat,50.0,50.0,,,0.0,,0.0,,,,0,0.0,0.0,0.0,0,0.0,0.0,,0.0,0.0,0.0,0.0,,0.0
Positive_While_moving_you_take_10_20_less_damage#1,Positive_While_moving_you_take_10_20_less_damage,damage_taken,more,-10.0,-20.0,,while_moving,0.0,,0.0,,,,0,0.0,0.0,0.0,0,0.0,0.0,,0.0,0.0,0.0,0.0,,0.0
Positive_While_stationary_you_take_15_30_less_damage#1,Positive_While_stationary_you_take_15_30_less_damage,damage_taken,more,-15.0,-30.0,,while_stationary,0.0,,0.0,,,,0,0.0,0.0,0.0,0,0.0,0.0,,0.0,0.0,0.0,0.0,,0.0
Negative_While_moving_your_skills_deal_15_25_less_damag#1,Negative_While_moving_your_skills_deal_15_25_less_damag,attack_damage,more,-15.0,-25.0,,while_moving,0.0,,0.0,,,,0,0.0,0.0,0.0,0,0.0,0.0,,0.0,0.0,0.0,0.0,,0.0
Negative_While_moving_your_skills_deal_15_25_less_damag#2,Negative_While_moving_your_skills_deal_15_25_less_damag,spell_damage,more,-15.0,-25.0,,while_moving,0.0,,0.0,,,,0,0.0,0.0,0.0,0,0.0,0.0,,0.0,0.0,0.0,0.0,,0.0
Negative_Your_ultimate_ability_deals_30_50_less_damage#1,Negative_Your_ultimate_ability_deals_30_50_less_damage,attack_damage,more,-30.0,-50.0,Slot.Ultimate,,0.0,,0.0,,,,0,0.0,0.0,0.0,0,0.0,0.0,,0.0,0.0,0.0,0.0,,0.0
Negative_Your_ultimate_ability_deals_30_50_less_damage#2,Negative_Your_ultimate_ability_deals_30_50_less_damage,spell_damage,more,-30.0,-50.0,Slot.Ultimate,,0.0,,0.0,,,,0,0.0,0.0,0.0,0,0.0,0.0,,0.0,0.0,0.0,0.0,,0.0
Negative_Your_melee_attacks_deal_10_30_less_damage#1,Negative_Your_melee_attacks_deal_10_30_less_damage,attack_damage,more,-10.0,-30.0,Type.Melee,,0.0,,0.0,,,,0,0.0,0.0,0.0,0,0.0,0.0,,0.0,0.0,0.0,0.0,,0.0
Negative_Your_melee_attacks_deal_10_30_less_damage#2,Negative_Your_melee_attacks_deal_10_30_less_damage,spell_damage,more,-10.0,-30.0,Type.Melee,,0.0,,0.0,,,,0,0.0,0.0,0.0,0,0.0,0.0,,0.0,0.0,0.0,0.0,,0.0
Negative_Charge_skills_deal_20_35_less_damage_on_impact#1,Negative_Charge_skills_deal_20_35_less_damage_on_impact,attack_damage,more,-20.0,-35.0,Keyword.Charge,,0.0,,0.0,,,,0,0.0,0.0,0.0,0,0.0,0.0,,0.0,0.0,0.0,0.0,,0.0
Negative_Charge_skills_deal_20_35_less_damage_on_impact#2,Negative_Charge_skills_deal_20_35_less_damage_on_impact,spell_damage,more,-20.0,-35.0,Keyword.Charge,,0.0,,0.0,,,,0,0.0,0.0,0.0,0,0.0,0.0,,0.0,0.0,0.0,0.0,,0.0
Negative_Spells_deal_20_35_less_damage_while_you_are_mo#1,Negative_Spells_deal_20_35_less_damage_while_you_are_mo,attack_damage,more,-20.0,-35.0,Type.Spell,while_moving,0.0,,0.0,,,,0,0.0,0.0,0.0,0,0.0,0.0,,0.0,0.0,0.0,0.0,,0.0
Negative_Spells_deal_20_35_less_damage_while_you_are_mo#2,Negative_Spells_deal_20_35_less_damage_while_you_are_mo,spell_damage,more,-20.0,-35.0,Type.Spell,while_moving,0.0,,0.0,,,,0,0.0,0.0,0.0,0,0.0,0.0,,0.0,0.0,0.0,0.0,,0.0
Negative_Ranged_skills_deal_15_30_less_damage_at_close#1,Negative_Ranged_skills_deal_15_30_less_damage_at_close,attack_damage,more,-15.0,-30.0,Type.Ranged,target_within_metres,5.0,,0.0,,,,0,0.0,0.0,0.0,0,0.0,0.0,,0.0,0.0,0.0,0.0,,0.0
Negative_Ranged_skills_deal_15_30_less_damage_at_close#2,Negative_Ranged_skills_deal_15_30_less_damage_at_close,spell_damage,more,-15.0,-30.0,Type.Ranged,target_within_metres,5.0,,0.0,,,,0,0.0,0.0,0.0,0,0.0,0.0,,0.0,0.0,0.0,0.0,,0.0
Positive_When_your_class_resource_is_full_your_movement#1,Positive_When_your_class_resource_is_full_your_movement,movement_speed,increased,15.0,30.0,,class_resource_at_maximum,0.0,,0.0,,,,0,0.0,0.0,0.0,0,0.0,0.0,,0.0,0.0,0.0,0.0,,0.0
Negative_Your_ultimate_ability_cannot_be_used_unless_you#1,Negative_Your_ultimate_ability_cannot_be_used_unless_you,skill_locked,flat,1.0,1.0,Slot.Ultimate,health_at_or_above,50.0,,0.0,,,,0,0.0,0.0,0.0,0,0.0,0.0,,0.0,0.0,0.0,0.0,,0.0
Positive_Charge_skills_knock_down_enemies_they_hit_for_1#1,Positive_Charge_skills_knock_down_enemies_they_hit_for_1,knockdown_seconds,flat,1.0,2.0,Keyword.Charge,,0.0,,0.0,,,,0,0.0,0.0,0.0,0,0.0,0.0,,0.0,0.0,0.0,0.0,,0.0
Positive_Spell_critical_strikes_deal_50_100_increased_d#1,Positive_Spell_critical_strikes_deal_50_100_increased_d,crit_multiplier,increased,50.0,100.0,Type.Spell,,0.0,,0.0,,,,0,0.0,0.0,0.0,0,0.0,0.0,,0.0,0.0,0.0,0.0,,0.0
Positive_Spells_ignore_15_30_of_enemy_resistances#1,Positive_Spells_ignore_15_30_of_enemy_resistances,penetration,flat,15.0,30.0,Type.Spell,,0.0,,0.0,,,,0,0.0,0.0,0.0,0,0.0,0.0,,0.0,0.0,0.0,0.0,,0.0
Positive_Your_DoTs_ignore_20_40_of_enemy_resistances#1,Positive_Your_DoTs_ignore_20_40_of_enemy_resistances,penetration,flat,20.0,40.0,Keyword.DoT,,0.0,,0.0,,,,0,0.0,0.0,0.0,0,0.0,0.0,,0.0,0.0,0.0,0.0,,0.0
Negative_Armor_is_halved_against_ranged_attacks#1,Negative_Armor_is_halved_against_ranged_attacks,armor,more,-50.0,-50.0,,hit_is_ranged_attack,0.0,,0.0,,,,0,0.0,0.0,0.0,0,0.0,0.0,,0.0,0.0,0.0,0.0,,0.0
Positive_Your_armor_is_doubled_against_melee_attacks#1,Positive_Your_armor_is_doubled_against_melee_attacks,armor,more,100.0,100.0,,hit_is_melee_attack,0.0,,0.0,,,,0,0.0,0.0,0.0,0,0.0,0.0,,0.0,0.0,0.0,0.0,,0.0
Positive_While_moving_your_evasion_chance_is_increased_b#1,Positive_While_moving_your_evasion_chance_is_increased_b,evasion,increased,10.0,20.0,,while_moving,0.0,,0.0,,,,0,0.0,0.0,0.0,0,0.0,0.0,,0.0,0.0,0.0,0.0,,0.0
Positive_While_moving_your_DoTs_deal_20_40_increased_d#1,Positive_While_moving_your_DoTs_deal_20_40_increased_d,dot_damage,increased,20.0,40.0,,while_moving,0.0,,0.0,,,,0,0.0,0.0,0.0,0,0.0,0.0,,0.0,0.0,0.0,0.0,,0.0
Positive_While_below_50_HP_your_leech_is_doubled#1,Positive_While_below_50_HP_your_leech_is_doubled,life_leech,more,100.0,100.0,,health_below,50.0,,0.0,,,,0,0.0,0.0,0.0,0,0.0,0.0,,0.0,0.0,0.0,0.0,,0.0
Positive_While_moving_your_leech_is_increased_by_20_40#1,Positive_While_moving_your_leech_is_increased_by_20_40,life_leech,increased,20.0,40.0,,while_moving,0.0,,0.0,,,,0,0.0,0.0,0.0,0,0.0,0.0,,0.0,0.0,0.0,0.0,,0.0
Negative_Using_your_ultimate_ability_drains_20_40_of_yo#1,Negative_Using_your_ultimate_ability_drains_20_40_of_yo,added_health_cost,flat,20.0,40.0,Slot.Ultimate,,0.0,,0.0,,,,0,0.0,0.0,0.0,0,0.0,0.0,,0.0,0.0,0.0,0.0,,0.0
Negative_Melee_skills_cost_5_10_of_your_maximum_HP_to_u#1,Negative_Melee_skills_cost_5_10_of_your_maximum_HP_to_u,added_health_cost,flat,5.0,10.0,Type.Melee,,0.0,,0.0,,,,0,0.0,0.0,0.0,0,0.0,0.0,,0.0,0.0,0.0,0.0,,0.0
Negative_Summoned_minions_cost_10_20_of_your_maximum_HP#1,Negative_Summoned_minions_cost_10_20_of_your_maximum_HP,added_health_cost,flat,10.0,20.0,Keyword.Summon,,0.0,,0.0,,,,0,0.0,0.0,0.0,0,0.0,0.0,,0.0,0.0,0.0,0.0,,0.0
Negative_Strike_skills_cost_5_10_of_your_current_HP_to#1,Negative_Strike_skills_cost_5_10_of_your_current_HP_to,added_health_cost_of_current,flat,5.0,10.0,Type.Strike,,0.0,,0.0,,,,0,0.0,0.0,0.0,0,0.0,0.0,,0.0,0.0,0.0,0.0,,0.0
Negative_Healing_effects_are_reduced_by_50_75#1,Negative_Healing_effects_are_reduced_by_50_75,healing_received_reduction,flat,50.0,75.0,,,0.0,,0.0,,,,0,0.0,0.0,0.0,0,0.0,0.0,,0.0,0.0,0.0,0.0,,0.0
Negative_You_deal_25_40_less_damage_to_enemies_below_50#1,Negative_You_deal_25_40_less_damage_to_enemies_below_50,attack_damage,more,-25.0,-40.0,,target_health_below,50.0,,0.0,,,,0,0.0,0.0,0.0,0,0.0,0.0,,0.0,0.0,0.0,0.0,,0.0
Negative_You_deal_25_40_less_damage_to_enemies_below_50#2,Negative_You_deal_25_40_less_damage_to_enemies_below_50,spell_damage,more,-25.0,-40.0,,target_health_below,50.0,,0.0,,,,0,0.0,0.0,0.0,0,0.0,0.0,,0.0,0.0,0.0,0.0,,0.0
Negative_Healing_effects_on_you_are_reduced_by_30_50#1,Negative_Healing_effects_on_you_are_reduced_by_30_50,healing_received_reduction,flat,30.0,50.0,,,0.0,,0.0,,,,0,0.0,0.0,0.0,0,0.0,0.0,,0.0,0.0,0.0,0.0,,0.0
Negative_Projectiles_deal_10_30_less_damage#1,Negative_Projectiles_deal_10_30_less_damage,attack_damage,more,-10.0,-30.0,Type.Projectile,,0.0,,0.0,,,,0,0.0,0.0,0.0,0,0.0,0.0,,0.0,0.0,0.0,0.0,,0.0
Negative_Projectiles_deal_10_30_less_damage#2,Negative_Projectiles_deal_10_30_less_damage,spell_damage,more,-10.0,-30.0,Type.Projectile,,0.0,,0.0,,,,0,0.0,0.0,0.0,0,0.0,0.0,,0.0,0.0,0.0,0.0,,0.0
Negative_While_moving_you_take_15_25_increased_damage#1,Negative_While_moving_you_take_15_25_increased_damage,damage_taken,increased,15.0,25.0,,while_moving,0.0,,0.0,,,,0,0.0,0.0,0.0,0,0.0,0.0,,0.0,0.0,0.0,0.0,,0.0
Negative_Your_direct_damage_is_reduced_by_25#1,Negative_Your_direct_damage_is_reduced_by_25,attack_damage,increased,-25.0,-25.0,,,0.0,,0.0,,,,0,0.0,0.0,0.0,0,0.0,0.0,,0.0,0.0,0.0,0.0,,0.0
Negative_Your_direct_damage_is_reduced_by_25#2,Negative_Your_direct_damage_is_reduced_by_25,spell_damage,increased,-25.0,-25.0,,,0.0,,0.0,,,,0,0.0,0.0,0.0,0,0.0,0.0,,0.0,0.0,0.0,0.0,,0.0
Positive_Reflect_20_50_of_damage_taken_back_to_attacker#1,Positive_Reflect_20_50_of_damage_taken_back_to_attacker,retaliation,flat,20.0,50.0,,,0.0,,0.0,,,,0,0.0,0.0,0.0,0,0.0,0.0,,0.0,0.0,0.0,0.0,,0.0
Positive_While_moving_your_damage_is_increased_by_15_30#1,Positive_While_moving_your_damage_is_increased_by_15_30,attack_damage,increased,15.0,30.0,,while_moving,0.0,,0.0,,,,0,0.0,0.0,0.0,0,0.0,0.0,,0.0,0.0,0.0,0.0,,0.0
Positive_While_moving_your_damage_is_increased_by_15_30#2,Positive_While_moving_your_damage_is_increased_by_15_30,spell_damage,increased,15.0,30.0,,while_moving,0.0,,0.0,,,,0,0.0,0.0,0.0,0,0.0,0.0,,0.0,0.0,0.0,0.0,,0.0
Positive_While_stationary_your_damage_is_increased_by_20#1,Positive_While_stationary_your_damage_is_increased_by_20,attack_damage,increased,20.0,40.0,,while_stationary,0.0,,0.0,,,,0,0.0,0.0,0.0,0,0.0,0.0,,0.0,0.0,0.0,0.0,,0.0
Positive_While_stationary_your_damage_is_increased_by_20#2,Positive_While_stationary_your_damage_is_increased_by_20,spell_damage,increased,20.0,40.0,,while_stationary,0.0,,0.0,,,,0,0.0,0.0,0.0,0,0.0,0.0,,0.0,0.0,0.0,0.0,,0.0
Positive_While_stationary_for_more_than_3_seconds_your_a#1,Positive_While_stationary_for_more_than_3_seconds_your_a,armor,more,100.0,100.0,,stationary_for_seconds,3.0,,0.0,,,,0,0.0,0.0,0.0,0,0.0,0.0,,0.0,0.0,0.0,0.0,,0.0
Positive_Reflect_20_40_of_damage_taken_back_at_attacker#1,Positive_Reflect_20_40_of_damage_taken_back_at_attacker,retaliation,flat,20.0,40.0,,,0.0,,0.0,,,,0,0.0,0.0,0.0,0,0.0,0.0,,0.0,0.0,0.0,0.0,,0.0
Positive_Your_special_ability_deals_20_40_increased_dam#1,Positive_Your_special_ability_deals_20_40_increased_dam,attack_damage,increased,20.0,40.0,Slot.Special,while_moving,0.0,,0.0,,,,0,0.0,0.0,0.0,0,0.0,0.0,,0.0,0.0,0.0,0.0,,0.0
Positive_Your_special_ability_deals_20_40_increased_dam#2,Positive_Your_special_ability_deals_20_40_increased_dam,spell_damage,increased,20.0,40.0,Slot.Special,while_moving,0.0,,0.0,,,,0,0.0,0.0,0.0,0,0.0,0.0,,0.0,0.0,0.0,0.0,,0.0
Positive_While_stationary_your_aura_radius_is_doubled#1,Positive_While_stationary_your_aura_radius_is_doubled,area_of_effect,more,100.0,100.0,Slot.Aura,while_stationary,0.0,,0.0,,,,0,0.0,0.0,0.0,0,0.0,0.0,,0.0,0.0,0.0,0.0,,0.0
Positive_Summoned_minions_have_30_50_increased_HP#1,Positive_Summoned_minions_have_30_50_increased_HP,minion_health,increased,30.0,50.0,,,0.0,,0.0,,,,0,0.0,0.0,0.0,0,0.0,0.0,,0.0,0.0,0.0,0.0,,0.0
Positive_Plague_Doctor_2_Piece_Bonus_Your_DoT_effects#1,Positive_Plague_Doctor_2_Piece_Bonus_Your_DoT_effects,dot_damage,more,25.0,25.0,,,0.0,,0.0,,,,0,0.0,0.0,0.0,0,0.0,0.0,,0.0,0.0,0.0,0.0,,0.0
Negative_Minion_maximum_health_is_reduced_by_50#1,Negative_Minion_maximum_health_is_reduced_by_50,minion_health,increased,-50.0,-50.0,,,0.0,,0.0,,,,0,0.0,0.0,0.0,0,0.0,0.0,,0.0,0.0,0.0,0.0,,0.0
Positive_Tyrant_s_Chains_2_Piece_Bonus_Your_pets_and_m#1,Positive_Tyrant_s_Chains_2_Piece_Bonus_Your_pets_and_m,minion_damage,increased,50.0,50.0,,,0.0,,0.0,,,,0,0.0,0.0,0.0,0,0.0,0.0,,0.0,0.0,0.0,0.0,,0.0
Negative_You_cannot_heal_above_60_of_your_maximum_HP#1,Negative_You_cannot_heal_above_60_of_your_maximum_HP,healing_ceiling_reduction,flat,40.0,40.0,,,0.0,,0.0,,,,0,0.0,0.0,0.0,0,0.0,0.0,,0.0,0.0,0.0,0.0,,0.0
Negative_You_cannot_be_healed_above_75_of_your_maximum_H#1,Negative_You_cannot_be_healed_above_75_of_your_maximum_H,healing_ceiling_reduction,flat,25.0,25.0,,,0.0,,0.0,,,,0,0.0,0.0,0.0,0,0.0,0.0,,0.0,0.0,0.0,0.0,,0.0
Positive_After_using_a_charge_skill_gain_20_40_increase#1,Positive_After_using_a_charge_skill_gain_20_40_increase,attack_speed,increased,20.0,40.0,,seconds_after_charge_skill,4.0,,0.0,,,,0,0.0,0.0,0.0,0,0.0,0.0,,0.0,0.0,0.0,0.0,,0.0
Positive_Gain_5_10_attack_speed_on_basic_attack_for_4_s#1,Positive_Gain_5_10_attack_speed_on_basic_attack_for_4_s,attack_speed,increased,5.0,10.0,,seconds_after_basic_attack,4.0,,0.0,,,,0,0.0,0.0,0.0,0,0.0,0.0,,0.0,0.0,0.0,0.0,,0.0
Positive_Blocking_an_attack_grants_10_20_increased_dama#1,Positive_Blocking_an_attack_grants_10_20_increased_dama,attack_damage,increased,10.0,20.0,,seconds_after_block,3.0,,0.0,,,,0,0.0,0.0,0.0,0,0.0,0.0,,0.0,0.0,0.0,0.0,,0.0
Positive_Blocking_an_attack_grants_10_20_increased_dama#2,Positive_Blocking_an_attack_grants_10_20_increased_dama,spell_damage,increased,10.0,20.0,,seconds_after_block,3.0,,0.0,,,,0,0.0,0.0,0.0,0,0.0,0.0,,0.0,0.0,0.0,0.0,,0.0
Positive_Summoning_a_minion_grants_you_5_10_increased_d#1,Positive_Summoning_a_minion_grants_you_5_10_increased_d,attack_damage,increased,5.0,10.0,,seconds_after_summon,5.0,,0.0,,,,0,0.0,0.0,0.0,0,0.0,0.0,,0.0,0.0,0.0,0.0,,0.0
Positive_Summoning_a_minion_grants_you_5_10_increased_d#2,Positive_Summoning_a_minion_grants_you_5_10_increased_d,spell_damage,increased,5.0,10.0,,seconds_after_summon,5.0,,0.0,,,,0,0.0,0.0,0.0,0,0.0,0.0,,0.0,0.0,0.0,0.0,,0.0
Positive_When_you_dodge_an_attack_gain_15_30_increased#1,Positive_When_you_dodge_an_attack_gain_15_30_increased,attack_damage,increased,15.0,30.0,,seconds_after_dodge,3.0,,0.0,,,,0,0.0,0.0,0.0,0,0.0,0.0,,0.0,0.0,0.0,0.0,,0.0
Positive_When_you_dodge_an_attack_gain_15_30_increased#2,Positive_When_you_dodge_an_attack_gain_15_30_increased,spell_damage,increased,15.0,30.0,,seconds_after_dodge,3.0,,0.0,,,,0,0.0,0.0,0.0,0,0.0,0.0,,0.0,0.0,0.0,0.0,,0.0
Negative_Taking_a_hit_reduces_your_damage_by_5_10_for_3#1,Negative_Taking_a_hit_reduces_your_damage_by_5_10_for_3,attack_damage,increased,-5.0,-10.0,,seconds_after_hit_taken,3.0,,0.0,,,,0,0.0,0.0,0.0,0,0.0,0.0,,0.0,0.0,0.0,0.0,,0.0
Negative_Taking_a_hit_reduces_your_damage_by_5_10_for_3#2,Negative_Taking_a_hit_reduces_your_damage_by_5_10_for_3,spell_damage,increased,-5.0,-10.0,,seconds_after_hit_taken,3.0,,0.0,,,,0,0.0,0.0,0.0,0,0.0,0.0,,0.0,0.0,0.0,0.0,,0.0
Positive_When_your_class_resource_hits_zero_gain_20_40#1,Positive_When_your_class_resource_hits_zero_gain_20_40,attack_damage,increased,20.0,40.0,,seconds_after_resource_empty,5.0,,0.0,,,,0,0.0,0.0,0.0,0,0.0,0.0,,0.0,0.0,0.0,0.0,,0.0
Positive_When_your_class_resource_hits_zero_gain_20_40#2,Positive_When_your_class_resource_hits_zero_gain_20_40,spell_damage,increased,20.0,40.0,,seconds_after_resource_empty,5.0,,0.0,,,,0,0.0,0.0,0.0,0,0.0,0.0,,0.0,0.0,0.0,0.0,,0.0
Positive_When_your_class_resource_is_full_gain_10_20_d#1,Positive_When_your_class_resource_is_full_gain_10_20_d,damage_reduction,flat,10.0,20.0,,seconds_after_resource_full,3.0,,0.0,,,,0,0.0,0.0,0.0,0,0.0,0.0,,0.0,0.0,0.0,0.0,,0.0
Positive_When_your_class_resource_hits_zero_instantly_re#1,Positive_When_your_class_resource_hits_zero_instantly_re,,,20.0,40.0,,,0.0,,0.0,health,resource_empty,maximum,0,0.0,0.0,0.0,0,0.0,0.0,,0.0,0.0,0.0,0.0,,0.0
Positive_Blocking_an_attack_restores_3_6_of_your_maximu#1,Positive_Blocking_an_attack_restores_3_6_of_your_maximu,,,3.0,6.0,,,0.0,,0.0,health,block,maximum,0,0.0,0.0,0.0,0,0.0,0.0,,0.0,0.0,0.25,0.0,,0.0
Positive_Blocking_an_attack_generates_5_10_of_your_clas#1,Positive_Blocking_an_attack_generates_5_10_of_your_clas,,,5.0,10.0,,,0.0,,0.0,class_resource,block,maximum,0,0.0,0.0,0.0,0,0.0,0.0,,0.0,0.0,0.25,0.0,,0.0
Positive_Blocked_attacks_restore_1_3_of_your_maximum_ma#1,Positive_Blocked_attacks_restore_1_3_of_your_maximum_ma,,,1.0,3.0,,,0.0,,0.0,mana,block,maximum,0,0.0,0.0,0.0,0,0.0,0.0,,0.0,0.0,0.25,0.0,,0.0
Negative_Blocking_attacks_reduces_your_class_resource_by#1,Negative_Blocking_attacks_reduces_your_class_resource_by,,,-5.0,-10.0,,,0.0,,0.0,class_resource,block,maximum,0,0.0,0.0,0.0,0,0.0,0.0,,0.0,0.0,0.25,0.0,,0.0
Positive_Dodging_an_attack_restores_5_10_of_your_maximu#1,Positive_Dodging_an_attack_restores_5_10_of_your_maximu,,,5.0,10.0,,,0.0,,0.0,health,dodge,maximum,0,0.0,0.0,0.0,0,0.0,0.0,,0.0,0.0,0.25,0.0,,0.0
Negative_Dodging_an_attack_drains_5_10_of_your_class_re#1,Negative_Dodging_an_attack_drains_5_10_of_your_class_re,,,-5.0,-10.0,,,0.0,,0.0,class_resource,dodge,maximum,0,0.0,0.0,0.0,0,0.0,0.0,,0.0,0.0,0.25,0.0,,0.0
Positive_Skills_that_cost_HP_restore_that_amount_as_mana#1,Positive_Skills_that_cost_HP_restore_that_amount_as_mana,,,100.0,100.0,,,0.0,,0.0,mana,health_cost,event_amount,0,0.0,0.0,0.0,0,0.0,0.0,,0.0,0.0,0.0,0.0,,0.0
Positive_Killing_an_enemy_while_below_30_HP_instantly_re#1,Positive_Killing_an_enemy_while_below_30_HP_instantly_re,,,15.0,25.0,,health_below,30.0,,0.0,health,kill,maximum,0,0.0,0.0,0.0,0,0.0,0.0,,0.0,0.0,0.0,0.0,,0.0
Positive_Melee_kills_restore_3_6_of_your_maximum_HP#1,Positive_Melee_kills_restore_3_6_of_your_maximum_HP,,,3.0,6.0,Type.Melee,,0.0,,0.0,health,kill,maximum,0,0.0,0.0,0.0,0,0.0,0.0,,0.0,0.0,0.0,0.0,,0.0
Positive_Critical_strikes_restore_2_4_of_your_maximum_H#1,Positive_Critical_strikes_restore_2_4_of_your_maximum_H,,,2.0,4.0,,,0.0,,0.0,health,critical_strike,maximum,0,0.0,0.0,0.0,0,0.0,0.0,,0.0,0.0,0.25,0.0,,0.0
Negative_Critical_strikes_drain_3_6_of_your_current_HP#1,Negative_Critical_strikes_drain_3_6_of_your_current_HP,,,-3.0,-6.0,,,0.0,,0.0,health,critical_strike,current,0,0.0,0.0,0.0,0,0.0,0.0,,0.0,0.0,0.25,0.0,,0.0
Positive_When_an_enemy_dies_near_you_restore_5_10_of_y#1,Positive_When_an_enemy_dies_near_you_restore_5_10_of_y,,,5.0,10.0,,,0.0,,0.0,health,nearby_death,maximum,0,0.0,0.0,0.0,0,0.0,0.0,,0.0,0.0,0.0,0.0,,0.0
Positive_Each_skill_use_generates_1_3_of_your_maximum_c#1,Positive_Each_skill_use_generates_1_3_of_your_maximum_c,,,1.0,3.0,,,0.0,,0.0,class_resource,skill_use,maximum,0,0.0,0.0,0.0,0,0.0,0.0,,0.0,0.0,0.0,0.0,,0.0
Positive_Strike_skills_generate_5_10_of_your_class_reso#1,Positive_Strike_skills_generate_5_10_of_your_class_reso,,,5.0,10.0,Type.Strike,,0.0,,0.0,class_resource,hit_dealt,maximum,0,0.0,0.0,0.0,0,0.0,0.0,,0.0,0.0,0.25,0.0,,0.0
Negative_You_have_no_armor#1,Negative_You_have_no_armor,armor,removed,1.0,1.0,,,0.0,,0.0,,,,0,0.0,0.0,0.0,0,0.0,0.0,,0.0,0.0,0.0,0.0,,0.0
Negative_You_no_longer_regenerate_mana#1,Negative_You_no_longer_regenerate_mana,mana_regen,removed,1.0,1.0,,,0.0,,0.0,,,,0,0.0,0.0,0.0,0,0.0,0.0,,0.0,0.0,0.0,0.0,,0.0
Negative_You_have_no_resistances#1,Negative_You_have_no_resistances,resistance_war,removed,1.0,1.0,,,0.0,,0.0,,,,0,0.0,0.0,0.0,0,0.0,0.0,,0.0,0.0,0.0,0.0,,0.0
Negative_You_have_no_resistances#2,Negative_You_have_no_resistances,resistance_demonic,removed,1.0,1.0,,,0.0,,0.0,,,,0,0.0,0.0,0.0,0,0.0,0.0,,0.0,0.0,0.0,0.0,,0.0
Negative_You_have_no_resistances#3,Negative_You_have_no_resistances,resistance_death,removed,1.0,1.0,,,0.0,,0.0,,,,0,0.0,0.0,0.0,0,0.0,0.0,,0.0,0.0,0.0,0.0,,0.0
Negative_You_have_no_resistances#4,Negative_You_have_no_resistances,resistance_pestilence,removed,1.0,1.0,,,0.0,,0.0,,,,0,0.0,0.0,0.0,0,0.0,0.0,,0.0,0.0,0.0,0.0,,0.0
Negative_You_have_no_resistances#5,Negative_You_have_no_resistances,resistance_famine,removed,1.0,1.0,,,0.0,,0.0,,,,0,0.0,0.0,0.0,0,0.0,0.0,,0.0,0.0,0.0,0.0,,0.0
Negative_You_have_no_resistances#6,Negative_You_have_no_resistances,resistance_celestial,removed,1.0,1.0,,,0.0,,0.0,,,,0,0.0,0.0,0.0,0,0.0,0.0,,0.0,0.0,0.0,0.0,,0.0
Negative_You_have_no_resistances#7,Negative_You_have_no_resistances,resistance_chaos,removed,1.0,1.0,,,0.0,,0.0,,,,0,0.0,0.0,0.0,0,0.0,0.0,,0.0,0.0,0.0,0.0,,0.0
Negative_You_have_no_resistances#8,Negative_You_have_no_resistances,resistance_void,removed,1.0,1.0,,,0.0,,0.0,,,,0,0.0,0.0,0.0,0,0.0,0.0,,0.0,0.0,0.0,0.0,,0.0
Negative_Your_maximum_mana_is_reduced_to_zero#1,Negative_Your_maximum_mana_is_reduced_to_zero,max_mana,removed,1.0,1.0,,,0.0,,0.0,,,,0,0.0,0.0,0.0,0,0.0,0.0,,0.0,0.0,0.0,0.0,,0.0
Negative_You_cannot_regenerate_mana_through_any_means#1,Negative_You_cannot_regenerate_mana_through_any_means,mana_regen,removed,1.0,1.0,,,0.0,,0.0,,,,0,0.0,0.0,0.0,0,0.0,0.0,,0.0,0.0,0.0,0.0,,0.0
Negative_You_cannot_regenerate_mana_through_any_means#2,Negative_You_cannot_regenerate_mana_through_any_means,mana_leech,removed,1.0,1.0,,,0.0,,0.0,,,,0,0.0,0.0,0.0,0,0.0,0.0,,0.0,0.0,0.0,0.0,,0.0
Negative_You_cannot_regenerate_mana_through_any_means#3,Negative_You_cannot_regenerate_mana_through_any_means,mana_on_hit,removed,1.0,1.0,,,0.0,,0.0,,,,0,0.0,0.0,0.0,0,0.0,0.0,,0.0,0.0,0.0,0.0,,0.0
Negative_Can_t_regen_your_hp#1,Negative_Can_t_regen_your_hp,health_regen,removed,1.0,1.0,,,0.0,,0.0,,,,0,0.0,0.0,0.0,0,0.0,0.0,,0.0,0.0,0.0,0.0,,0.0
Negative_You_have_no_health_leech#1,Negative_You_have_no_health_leech,life_leech,removed,1.0,1.0,,,0.0,,0.0,,,,0,0.0,0.0,0.0,0,0.0,0.0,,0.0,0.0,0.0,0.0,,0.0
Negative_You_deal_no_retaliation_damage#1,Negative_You_deal_no_retaliation_damage,retaliation,removed,1.0,1.0,,,0.0,,0.0,,,,0,0.0,0.0,0.0,0,0.0,0.0,,0.0,0.0,0.0,0.0,,0.0
Negative_Cannot_block#1,Negative_Cannot_block,block_chance,removed,1.0,1.0,,,0.0,,0.0,,,,0,0.0,0.0,0.0,0,0.0,0.0,,0.0,0.0,0.0,0.0,,0.0
Negative_Can_t_leech_mana#1,Negative_Can_t_leech_mana,mana_leech,removed,1.0,1.0,,,0.0,,0.0,,,,0,0.0,0.0,0.0,0,0.0,0.0,,0.0,0.0,0.0,0.0,,0.0
Negative_You_have_no_health_mana_es_regen#1,Negative_You_have_no_health_mana_es_regen,health_regen,removed,1.0,1.0,,,0.0,,0.0,,,,0,0.0,0.0,0.0,0,0.0,0.0,,0.0,0.0,0.0,0.0,,0.0
Negative_You_have_no_health_mana_es_regen#2,Negative_You_have_no_health_mana_es_regen,mana_regen,removed,1.0,1.0,,,0.0,,0.0,,,,0,0.0,0.0,0.0,0,0.0,0.0,,0.0,0.0,0.0,0.0,,0.0
Negative_You_have_no_health_mana_es_regen#3,Negative_You_have_no_health_mana_es_regen,energy_shield_regen,removed,1.0,1.0,,,0.0,,0.0,,,,0,0.0,0.0,0.0,0,0.0,0.0,,0.0,0.0,0.0,0.0,,0.0
Positive_Starvation_2_Piece_Bonus_You_have_5_life_m#1,Positive_Starvation_2_Piece_Bonus_You_have_5_life_m,life_leech,flat,5.0,5.0,,,0.0,,0.0,,,,0,0.0,0.0,0.0,0,0.0,0.0,,0.0,0.0,0.0,0.0,,0.0
Positive_Starvation_2_Piece_Bonus_You_have_5_life_m#2,Positive_Starvation_2_Piece_Bonus_You_have_5_life_m,mana_leech,flat,5.0,5.0,,,0.0,,0.0,,,,0,0.0,0.0,0.0,0,0.0,0.0,,0.0,0.0,0.0,0.0,,0.0
Positive_Starvation_2_Piece_Bonus_You_have_5_life_m#3,Positive_Starvation_2_Piece_Bonus_You_have_5_life_m,energy_shield_leech,flat,5.0,5.0,,,0.0,,0.0,,,,0,0.0,0.0,0.0,0,0.0,0.0,,0.0,0.0,0.0,0.0,,0.0
Negative_You_cannot_evade_or_block_melee_attacks#1,Negative_You_cannot_evade_or_block_melee_attacks,evasion,removed,1.0,1.0,,hit_is_melee_attack,0.0,,0.0,,,,0,0.0,0.0,0.0,0,0.0,0.0,,0.0,0.0,0.0,0.0,,0.0
Negative_You_cannot_evade_or_block_melee_attacks#2,Negative_You_cannot_evade_or_block_melee_attacks,block_chance,removed,1.0,1.0,,hit_is_melee_attack,0.0,,0.0,,,,0,0.0,0.0,0.0,0,0.0,0.0,,0.0,0.0,0.0,0.0,,0.0
Negative_Cannot_evade_melee_attacks#1,Negative_Cannot_evade_melee_attacks,evasion,removed,1.0,1.0,,hit_is_melee_attack,0.0,,0.0,,,,0,0.0,0.0,0.0,0,0.0,0.0,,0.0,0.0,0.0,0.0,,0.0
Positive_While_below_30_HP_you_are_immune_to_crowd_contr#1,Positive_While_below_30_HP_you_are_immune_to_crowd_contr,crowd_control_resistance,flat,100.0,100.0,,health_below,30.0,,0.0,,,,0,0.0,0.0,0.0,0,0.0,0.0,,0.0,0.0,0.0,0.0,,0.0
Positive_Your_spells_cost_10_20_less_mana#1,Positive_Your_spells_cost_10_20_less_mana,mana_cost,more,-10.0,-20.0,Type.Spell,,0.0,,0.0,,,,0,0.0,0.0,0.0,0,0.0,0.0,,0.0,0.0,0.0,0.0,,0.0
Positive_Your_aura_costs_30_50_less_mana_per_second#1,Positive_Your_aura_costs_30_50_less_mana_per_second,mana_cost,more,-30.0,-50.0,Slot.Aura,,0.0,,0.0,,,,0,0.0,0.0,0.0,0,0.0,0.0,,0.0,0.0,0.0,0.0,,0.0
Negative_Skills_cost_50_75_more_mana#1,Negative_Skills_cost_50_75_more_mana,mana_cost,more,50.0,75.0,,,0.0,,0.0,,,,0,0.0,0.0,0.0,0,0.0,0.0,,0.0,0.0,0.0,0.0,,0.0
Negative_Your_spells_mana_costs_are_quadrupled#1,Negative_Your_spells_mana_costs_are_quadrupled,mana_cost,more,300.0,300.0,Type.Spell,,0.0,,0.0,,,,0,0.0,0.0,0.0,0,0.0,0.0,,0.0,0.0,0.0,0.0,,0.0
Negative_Your_auras_cost_100_200_increased_mana_per_sec#1,Negative_Your_auras_cost_100_200_increased_mana_per_sec,mana_cost,increased,100.0,200.0,Slot.Aura,,0.0,,0.0,,,,0,0.0,0.0,0.0,0,0.0,0.0,,0.0,0.0,0.0,0.0,,0.0
Positive_While_below_50_HP_your_skills_cost_no_mana#1,Positive_While_below_50_HP_your_skills_cost_no_mana,mana_cost,removed,1.0,1.0,,health_below,50.0,,0.0,,,,0,0.0,0.0,0.0,0,0.0,0.0,,0.0,0.0,0.0,0.0,,0.0
Positive_Regenerate_2_5_of_your_maximum_mana_per_second#1,Positive_Regenerate_2_5_of_your_maximum_mana_per_second,mana_regen,flat,2.0,5.0,,,0.0,max_mana,100.0,,,,0,0.0,0.0,0.0,0,0.0,0.0,,0.0,0.0,0.0,0.0,,0.0
Positive_Your_traps_ignore_20_40_of_enemy_armor#1,Positive_Your_traps_ignore_20_40_of_enemy_armor,armor_penetration,flat,20.0,40.0,Type.Trap,,0.0,,0.0,,,,0,0.0,0.0,0.0,0,0.0,0.0,,0.0,0.0,0.0,0.0,,0.0
Positive_Add_2_4_to_your_maximum_minion_count#1,Positive_Add_2_4_to_your_maximum_minion_count,minion_cap_bonus,flat,2.0,4.0,,,0.0,,0.0,,,,0,0.0,0.0,0.0,0,0.0,0.0,,0.0,0.0,0.0,0.0,,0.0
Positive_Your_class_resource_does_not_decay_out_of_combat#1,Positive_Your_class_resource_does_not_decay_out_of_combat,fervour_decay_per_second,removed,1.0,1.0,,,0.0,,0.0,,,,0,0.0,0.0,0.0,0,0.0,0.0,,0.0,0.0,0.0,0.0,,0.0
Negative_You_cannot_regenerate_HP_above_50_of_your_maxim#1,Negative_You_cannot_regenerate_HP_above_50_of_your_maxim,healing_ceiling_reduction,flat,50.0,50.0,,,0.0,,0.0,,,,0,0.0,0.0,0.0,0,0.0,0.0,,0.0,0.0,0.0,0.0,,0.0
Negative_Spell_damage_ignores_20_40_of_your_armor#1,Negative_Spell_damage_ignores_20_40_of_your_armor,armor,more,-20.0,-40.0,,hit_is_spell,0.0,,0.0,,,,0,0.0,0.0,0.0,0,0.0,0.0,,0.0,0.0,0.0,0.0,,0.0
Negative_Enemies_ignore_10_20_of_your_armor#1,Negative_Enemies_ignore_10_20_of_your_armor,armor,more,-10.0,-20.0,,,0.0,,0.0,,,,0,0.0,0.0,0.0,0,0.0,0.0,,0.0,0.0,0.0,0.0,,0.0
Positive_Summoned_minions_deal_30_50_increased_damage_f#1,Positive_Summoned_minions_deal_30_50_increased_damage_f,minion_damage,increased,30.0,50.0,,seconds_after_summon,5.0,,0.0,,,,0,0.0,0.0,0.0,0,0.0,0.0,,0.0,0.0,0.0,0.0,,0.0
Negative_After_blocking_you_cannot_block_again_for_1_2_se#1,Negative_After_blocking_you_cannot_block_again_for_1_2_se,block_chance,removed,1.0,1.0,,seconds_after_block,1.0,,0.0,,,,0,0.0,0.0,0.0,0,0.0,0.0,,0.0,2.0,0.0,0.0,,0.0
Negative_After_dodging_you_cannot_dodge_again_for_1_2_sec#1,Negative_After_dodging_you_cannot_dodge_again_for_1_2_sec,evasion,removed,1.0,1.0,,seconds_after_dodge,1.0,,0.0,,,,0,0.0,0.0,0.0,0,0.0,0.0,,0.0,2.0,0.0,0.0,,0.0
Positive_Each_hit_you_take_increases_your_retaliation_dam#1,Positive_Each_hit_you_take_increases_your_retaliation_dam,retaliation,increased,5.0,10.0,,,0.0,bloodlust_stacks,1.0,,,,0,0.0,0.0,0.0,0,0.0,0.0,,0.0,0.0,0.0,0.0,,0.0
Positive_Gadgets_deal_20_40_increased_damage#1,Positive_Gadgets_deal_20_40_increased_damage,attack_damage,increased,20.0,40.0,Type.Deployable,,0.0,,0.0,,,,0,0.0,0.0,0.0,0,0.0,0.0,,0.0,0.0,0.0,0.0,,0.0
Positive_Gadgets_deal_20_40_increased_damage#2,Positive_Gadgets_deal_20_40_increased_damage,spell_damage,increased,20.0,40.0,Type.Deployable,,0.0,,0.0,,,,0,0.0,0.0,0.0,0,0.0,0.0,,0.0,0.0,0.0,0.0,,0.0
Negative_Can_t_inflict_bleeding#1,Negative_Can_t_inflict_bleeding,bleed_chance,removed,1.0,1.0,,,0.0,,0.0,,,,0,0.0,0.0,0.0,0,0.0,0.0,,0.0,0.0,0.0,0.0,,0.0
Negative_Can_t_inflict_bleeding#2,Negative_Can_t_inflict_bleeding,bleed_on_crit_chance,removed,1.0,1.0,,,0.0,,0.0,,,,0,0.0,0.0,0.0,0,0.0,0.0,,0.0,0.0,0.0,0.0,,0.0
Positive_While_below_50_HP_all_skills_cost_HP_instead_o#1,Positive_While_below_50_HP_all_skills_cost_HP_instead_o,skill_cost_paid_from_health,flat,1.0,1.0,,health_below,50.0,,0.0,,,,0,0.0,0.0,0.0,0,0.0,0.0,,0.0,0.0,0.0,0.0,,0.0
Positive_While_below_50_HP_all_skills_cost_HP_instead_o#2,Positive_While_below_50_HP_all_skills_cost_HP_instead_o,mana_cost,more,-50.0,-50.0,,health_below,50.0,,0.0,,,,0,0.0,0.0,0.0,0,0.0,0.0,,0.0,0.0,0.0,0.0,,0.0
Negative_Enemies_ignore_10_20_of_your_resistances#1,Negative_Enemies_ignore_10_20_of_your_resistances,resistance_war,flat,-10.0,-20.0,,,0.0,,0.0,,,,0,0.0,0.0,0.0,0,0.0,0.0,,0.0,0.0,0.0,0.0,,0.0
Negative_Enemies_ignore_10_20_of_your_resistances#2,Negative_Enemies_ignore_10_20_of_your_resistances,resistance_demonic,flat,-10.0,-20.0,,,0.0,,0.0,,,,0,0.0,0.0,0.0,0,0.0,0.0,,0.0,0.0,0.0,0.0,,0.0
Negative_Enemies_ignore_10_20_of_your_resistances#3,Negative_Enemies_ignore_10_20_of_your_resistances,resistance_death,flat,-10.0,-20.0,,,0.0,,0.0,,,,0,0.0,0.0,0.0,0,0.0,0.0,,0.0,0.0,0.0,0.0,,0.0
Negative_Enemies_ignore_10_20_of_your_resistances#4,Negative_Enemies_ignore_10_20_of_your_resistances,resistance_pestilence,flat,-10.0,-20.0,,,0.0,,0.0,,,,0,0.0,0.0,0.0,0,0.0,0.0,,0.0,0.0,0.0,0.0,,0.0
Negative_Enemies_ignore_10_20_of_your_resistances#5,Negative_Enemies_ignore_10_20_of_your_resistances,resistance_famine,flat,-10.0,-20.0,,,0.0,,0.0,,,,0,0.0,0.0,0.0,0,0.0,0.0,,0.0,0.0,0.0,0.0,,0.0
Negative_Enemies_ignore_10_20_of_your_resistances#6,Negative_Enemies_ignore_10_20_of_your_resistances,resistance_celestial,flat,-10.0,-20.0,,,0.0,,0.0,,,,0,0.0,0.0,0.0,0,0.0,0.0,,0.0,0.0,0.0,0.0,,0.0
Negative_Enemies_ignore_10_20_of_your_resistances#7,Negative_Enemies_ignore_10_20_of_your_resistances,resistance_chaos,flat,-10.0,-20.0,,,0.0,,0.0,,,,0,0.0,0.0,0.0,0,0.0,0.0,,0.0,0.0,0.0,0.0,,0.0
Negative_Enemies_ignore_10_20_of_your_resistances#8,Negative_Enemies_ignore_10_20_of_your_resistances,resistance_void,flat,-10.0,-20.0,,,0.0,,0.0,,,,0,0.0,0.0,0.0,0,0.0,0.0,,0.0,0.0,0.0,0.0,,0.0
Positive_Deal_30_50_more_damage_to_Boss_enemies#1,Positive_Deal_30_50_more_damage_to_Boss_enemies,attack_damage,more,30.0,50.0,,target_is_boss,0.0,,0.0,,,,0,0.0,0.0,0.0,0,0.0,0.0,,0.0,0.0,0.0,0.0,,0.0
Positive_Deal_30_50_more_damage_to_Boss_enemies#2,Positive_Deal_30_50_more_damage_to_Boss_enemies,spell_damage,more,30.0,50.0,,target_is_boss,0.0,,0.0,,,,0,0.0,0.0,0.0,0,0.0,0.0,,0.0,0.0,0.0,0.0,,0.0
Positive_Deal_40_80_increased_damage_to_Boss_enemies#1,Positive_Deal_40_80_increased_damage_to_Boss_enemies,attack_damage,increased,40.0,80.0,,target_is_boss,0.0,,0.0,,,,0,0.0,0.0,0.0,0,0.0,0.0,,0.0,0.0,0.0,0.0,,0.0
Positive_Deal_40_80_increased_damage_to_Boss_enemies#2,Positive_Deal_40_80_increased_damage_to_Boss_enemies,spell_damage,increased,40.0,80.0,,target_is_boss,0.0,,0.0,,,,0,0.0,0.0,0.0,0,0.0,0.0,,0.0,0.0,0.0,0.0,,0.0
Negative_You_deal_20_35_less_damage_to_non_Boss_enemies#1,Negative_You_deal_20_35_less_damage_to_non_Boss_enemies,attack_damage,more,-20.0,-35.0,,target_is_not_boss,0.0,,0.0,,,,0,0.0,0.0,0.0,0,0.0,0.0,,0.0,0.0,0.0,0.0,,0.0
Negative_You_deal_20_35_less_damage_to_non_Boss_enemies#2,Negative_You_deal_20_35_less_damage_to_non_Boss_enemies,spell_damage,more,-20.0,-35.0,,target_is_not_boss,0.0,,0.0,,,,0,0.0,0.0,0.0,0,0.0,0.0,,0.0,0.0,0.0,0.0,,0.0
Positive_Your_ultimate_ability_cooldown_is_reduced_by_20#1,Positive_Your_ultimate_ability_cooldown_is_reduced_by_20,cooldown_reduction,flat,20.0,40.0,Slot.Ultimate,,0.0,,0.0,,,,0,0.0,0.0,0.0,0,0.0,0.0,,0.0,0.0,0.0,0.0,,0.0
Positive_Your_support_ability_cooldown_is_reduced_by_20#1,Positive_Your_support_ability_cooldown_is_reduced_by_20,cooldown_reduction,flat,20.0,40.0,Slot.Support,,0.0,,0.0,,,,0,0.0,0.0,0.0,0,0.0,0.0,,0.0,0.0,0.0,0.0,,0.0
Positive_Summon_skills_have_30_60_reduced_cooldown#1,Positive_Summon_skills_have_30_60_reduced_cooldown,cooldown_reduction,flat,30.0,60.0,Keyword.Summon,,0.0,,0.0,,,,0,0.0,0.0,0.0,0,0.0,0.0,,0.0,0.0,0.0,0.0,,0.0
Positive_Nearby_enemies_deal_10_30_less_damage_to_you#1,Positive_Nearby_enemies_deal_10_30_less_damage_to_you,damage_taken,more,-10.0,-30.0,,opponent_within_metres,5.0,,0.0,,,,0,0.0,0.0,0.0,0,0.0,0.0,,0.0,0.0,0.0,0.0,,0.0
Negative_Strike_skills_deal_25_40_less_damage_if_you_ha#1,Negative_Strike_skills_deal_25_40_less_damage_if_you_ha,attack_damage,more,-25.0,-40.0,Type.Strike,moved_within_seconds,2.0,,0.0,,,,0,0.0,0.0,0.0,0,0.0,0.0,,0.0,0.0,0.0,0.0,,0.0
Negative_Strike_skills_deal_25_40_less_damage_if_you_ha#2,Negative_Strike_skills_deal_25_40_less_damage_if_you_ha,spell_damage,more,-25.0,-40.0,Type.Strike,moved_within_seconds,2.0,,0.0,,,,0,0.0,0.0,0.0,0,0.0,0.0,,0.0,0.0,0.0,0.0,,0.0
Positive_When_your_class_resource_is_above_75_all_skill#1,Positive_When_your_class_resource_is_above_75_all_skill,mana_cost,more,-20.0,-40.0,,class_resource_above,75.0,,0.0,,,,0,0.0,0.0,0.0,0,0.0,0.0,,0.0,0.0,0.0,0.0,,0.0
Negative_You_take_10_20_increased_damage_from_all_sourc#1,Negative_You_take_10_20_increased_damage_from_all_sourc,damage_taken,increased,10.0,20.0,,energy_shield_above_zero,0.0,,0.0,,,,0,0.0,0.0,0.0,0,0.0,0.0,,0.0,0.0,0.0,0.0,,0.0
Positive_Ranged_skills_deal_10_20_bonus_damage_for_each#1,Positive_Ranged_skills_deal_10_20_bonus_damage_for_each,attack_damage,increased,10.0,20.0,Type.Ranged,,0.0,metres_to_target,1.0,,,,0,0.0,0.0,0.0,0,0.0,0.0,,0.0,0.0,0.0,0.0,,0.0
Positive_Ranged_skills_deal_10_20_bonus_damage_for_each#2,Positive_Ranged_skills_deal_10_20_bonus_damage_for_each,spell_damage,increased,10.0,20.0,Type.Ranged,,0.0,metres_to_target,1.0,,,,0,0.0,0.0,0.0,0,0.0,0.0,,0.0,0.0,0.0,0.0,,0.0
Negative_All_damage_dealt_is_reduced_by_15_25_for_each#1,Negative_All_damage_dealt_is_reduced_by_15_25_for_each,attack_damage,more,-15.0,-25.0,,,0.0,seconds_stationary,1.0,,,,0,0.0,0.0,0.0,0,0.0,0.0,,0.0,0.0,0.0,0.0,,0.0
Negative_All_damage_dealt_is_reduced_by_15_25_for_each#2,Negative_All_damage_dealt_is_reduced_by_15_25_for_each,spell_damage,more,-15.0,-25.0,,,0.0,seconds_stationary,1.0,,,,0,0.0,0.0,0.0,0,0.0,0.0,,0.0,0.0,0.0,0.0,,0.0
Positive_Critical_strike_chance_is_increased_by_20_40_a#1,Positive_Critical_strike_chance_is_increased_by_20_40_a,crit_chance,increased,20.0,40.0,,target_is_boss,0.0,,0.0,,,,0,0.0,0.0,0.0,0,0.0,0.0,,0.0,0.0,0.0,0.0,,0.0
Positive_Your_cooldowns_reset_50_100_faster_when_fighti#1,Positive_Your_cooldowns_reset_50_100_faster_when_fighti,cooldown_reduction,flat,50.0,100.0,,seconds_after_striking_a_boss,4.0,,0.0,,,,0,0.0,0.0,0.0,0,0.0,0.0,,0.0,0.0,0.0,0.0,,0.0
Negative_Ultimate_cooldowns_increased_by_100_500#1,Negative_Ultimate_cooldowns_increased_by_100_500,cooldown_lengthening,flat,100.0,500.0,Slot.Ultimate,,0.0,,0.0,,,,0,0.0,0.0,0.0,0,0.0,0.0,,0.0,0.0,0.0,0.0,,0.0
Negative_Point_blank_AOE_skills_have_30_50_increased_co#1,Negative_Point_blank_AOE_skills_have_30_50_increased_co,cooldown_lengthening,flat,30.0,50.0,Type.AOE.PointBlank,,0.0,,0.0,,,,0,0.0,0.0,0.0,0,0.0,0.0,,0.0,0.0,0.0,0.0,,0.0
Negative_Movement_abilities_have_50_increased_cooldown#1,Negative_Movement_abilities_have_50_increased_cooldown,cooldown_lengthening,flat,50.0,50.0,Slot.Movement,,0.0,,0.0,,,,0,0.0,0.0,0.0,0,0.0,0.0,,0.0,0.0,0.0,0.0,,0.0
Negative_Cooldowns_are_increased_by_30_50#1,Negative_Cooldowns_are_increased_by_30_50,cooldown_lengthening,flat,30.0,50.0,,,0.0,,0.0,,,,0,0.0,0.0,0.0,0,0.0,0.0,,0.0,0.0,0.0,0.0,,0.0
Negative_Your_cooldowns_are_increased_by_100_200#1,Negative_Your_cooldowns_are_increased_by_100_200,cooldown_lengthening,flat,100.0,200.0,,,0.0,,0.0,,,,0,0.0,0.0,0.0,0,0.0,0.0,,0.0,0.0,0.0,0.0,,0.0
Negative_Energy_shield_can_now_be_effected_by_bleed#1,Negative_Energy_shield_can_now_be_effected_by_bleed,shield_absorbs_damage_over_time,flat,1.0,1.0,,,0.0,,0.0,,,,0,0.0,0.0,0.0,0,0.0,0.0,,0.0,0.0,0.0,0.0,,0.0
Positive_Applying_a_CC_effect_grants_10_20_increased_mo#1,Positive_Applying_a_CC_effect_grants_10_20_increased_mo,movement_speed,increased,10.0,20.0,,seconds_after_crowd_control,3.0,,0.0,,,,0,0.0,0.0,0.0,0,0.0,0.0,,0.0,0.0,0.0,0.0,,0.0
Positive_Using_your_support_ability_grants_you_10_20_in#1,Positive_Using_your_support_ability_grants_you_10_20_in,movement_speed,increased,10.0,20.0,,seconds_after_support_skill,3.0,,0.0,,,,0,0.0,0.0,0.0,0,0.0,0.0,,0.0,0.0,0.0,0.0,,0.0
Positive_Casting_a_spell_grants_5_10_increased_movement#1,Positive_Casting_a_spell_grants_5_10_increased_movement,movement_speed,increased,5.0,10.0,,seconds_after_spell,3.0,,0.0,,,,0,0.0,0.0,0.0,0,0.0,0.0,,0.0,0.0,0.0,0.0,,0.0
Positive_After_being_hit_by_a_melee_attack_you_gain_10_2#1,Positive_After_being_hit_by_a_melee_attack_you_gain_10_2,movement_speed,increased,10.0,20.0,,seconds_after_melee_hit_taken,2.0,,0.0,,,,0,0.0,0.0,0.0,0,0.0,0.0,,0.0,0.0,0.0,0.0,,0.0
Negative_After_you_use_a_movement_ability_you_lose_50_mo#1,Negative_After_you_use_a_movement_ability_you_lose_50_mo,movement_speed,increased,-50.0,-50.0,,seconds_after_movement_skill,3.0,,0.0,,,,0,0.0,0.0,0.0,0,0.0,0.0,,0.0,0.0,0.0,0.0,,0.0
Positive_Gain_20_50_increased_movespeed_after_taking_da#1,Positive_Gain_20_50_increased_movespeed_after_taking_da,movement_speed,increased,20.0,50.0,,seconds_after_hit_taken,3.0,,0.0,,,,0,0.0,0.0,0.0,0,0.0,0.0,,0.0,0.0,0.0,0.0,,0.0
Positive_Your_first_hit_against_each_enemy_deals_100_300#1,Positive_Your_first_hit_against_each_enemy_deals_100_300,attack_damage,increased,100.0,300.0,,target_not_yet_struck_by_you,0.0,,0.0,,,,0,0.0,0.0,0.0,0,0.0,0.0,,0.0,0.0,0.0,0.0,,0.0
Positive_Your_first_hit_against_each_enemy_deals_100_300#2,Positive_Your_first_hit_against_each_enemy_deals_100_300,spell_damage,increased,100.0,300.0,,target_not_yet_struck_by_you,0.0,,0.0,,,,0,0.0,0.0,0.0,0,0.0,0.0,,0.0,0.0,0.0,0.0,,0.0
Positive_Your_first_hit_against_each_enemy_ignores_all_ar#1,Positive_Your_first_hit_against_each_enemy_ignores_all_ar,armor_penetration,flat,100.0,100.0,,target_not_yet_struck_by_you,0.0,,0.0,,,,0,0.0,0.0,0.0,0,0.0,0.0,,0.0,0.0,0.0,0.0,,0.0
Positive_Your_first_critical_strike_against_each_enemy_de#1,Positive_Your_first_critical_strike_against_each_enemy_de,crit_multiplier,flat,50.0,100.0,,target_not_yet_crit_by_you,0.0,,0.0,,,,0,0.0,0.0,0.0,0,0.0,0.0,,0.0,0.0,0.0,0.0,,0.0
Positive_HP_regeneration_is_doubled_while_out_of_combat#1,Positive_HP_regeneration_is_doubled_while_out_of_combat,health_regen,more,100.0,100.0,,out_of_combat,0.0,,0.0,,,,0,0.0,0.0,0.0,0,0.0,0.0,,0.0,0.0,0.0,0.0,,0.0
Negative_HP_regeneration_is_disabled_during_combat#1,Negative_HP_regeneration_is_disabled_during_combat,health_regen,removed,1.0,1.0,,in_combat,0.0,,0.0,,,,0,0.0,0.0,0.0,0,0.0,0.0,,0.0,0.0,0.0,0.0,,0.0
Negative_You_take_10_20_increased_damage_for_each_secon#1,Negative_You_take_10_20_increased_damage_for_each_secon,damage_taken,increased,10.0,20.0,,,0.0,seconds_in_combat,1.0,,,,10,0.0,0.0,0.0,0,0.0,0.0,,0.0,0.0,0.0,0.0,,0.0
Negative_You_take_3_5_increased_damage_for_every_10_sec#1,Negative_You_take_3_5_increased_damage_for_every_10_sec,damage_taken,increased,3.0,5.0,,,0.0,seconds_in_combat,10.0,,,,6,0.0,0.0,0.0,0,0.0,0.0,,0.0,0.0,0.0,0.0,,0.0
Negative_Your_damage_is_reduced_by_3_5_for_every_second#1,Negative_Your_damage_is_reduced_by_3_5_for_every_second,attack_damage,more,-3.0,-5.0,,,0.0,seconds_out_of_combat,1.0,,,,10,0.0,0.0,0.0,0,0.0,0.0,,0.0,0.0,0.0,0.0,,0.0
Negative_Your_damage_is_reduced_by_3_5_for_every_second#2,Negative_Your_damage_is_reduced_by_3_5_for_every_second,spell_damage,more,-3.0,-5.0,,,0.0,seconds_out_of_combat,1.0,,,,10,0.0,0.0,0.0,0,0.0,0.0,,0.0,0.0,0.0,0.0,,0.0
Negative_Take_10_40_more_damage_when_on_low_mana#1,Negative_Take_10_40_more_damage_when_on_low_mana,damage_taken,more,10.0,40.0,,mana_below,35.0,,0.0,,,,0,0.0,0.0,0.0,0,0.0,0.0,,0.0,0.0,0.0,0.0,,0.0
Positive_Debuffed_enemies_take_10_20_increased_damage_f#1,Positive_Debuffed_enemies_take_10_20_increased_damage_f,attack_damage,increased,10.0,20.0,,target_carries_any_debuff,0.0,,0.0,,,,0,0.0,0.0,0.0,0,0.0,0.0,,0.0,0.0,0.0,0.0,,0.0
Positive_Debuffed_enemies_take_10_20_increased_damage_f#2,Positive_Debuffed_enemies_take_10_20_increased_damage_f,spell_damage,increased,10.0,20.0,,target_carries_any_debuff,0.0,,0.0,,,,0,0.0,0.0,0.0,0,0.0,0.0,,0.0,0.0,0.0,0.0,,0.0
Positive_Strike_skills_deal_20_40_increased_damage_agai#1,Positive_Strike_skills_deal_20_40_increased_damage_agai,attack_damage,increased,20.0,40.0,Type.Strike,target_carries_a_dot,0.0,,0.0,,,,0,0.0,0.0,0.0,0,0.0,0.0,,0.0,0.0,0.0,0.0,,0.0
Positive_Strike_skills_deal_20_40_increased_damage_agai#2,Positive_Strike_skills_deal_20_40_increased_damage_agai,spell_damage,increased,20.0,40.0,Type.Strike,target_carries_a_dot,0.0,,0.0,,,,0,0.0,0.0,0.0,0,0.0,0.0,,0.0,0.0,0.0,0.0,,0.0
Positive_Each_unique_debuff_on_an_enemy_increases_your_cr#1,Positive_Each_unique_debuff_on_an_enemy_increases_your_cr,crit_chance,increased,5.0,10.0,,,0.0,target_debuffs,1.0,,,,0,0.0,0.0,0.0,0,0.0,0.0,,0.0,0.0,0.0,0.0,,0.0
Positive_Each_unique_debuff_you_apply_to_an_enemy_increas#1,Positive_Each_unique_debuff_you_apply_to_an_enemy_increas,attack_damage,increased,5.0,10.0,,,0.0,target_debuffs,1.0,,,,0,0.0,0.0,0.0,0,0.0,0.0,,0.0,0.0,0.0,0.0,,0.0
Positive_Each_unique_debuff_you_apply_to_an_enemy_increas#2,Positive_Each_unique_debuff_you_apply_to_an_enemy_increas,spell_damage,increased,5.0,10.0,,,0.0,target_debuffs,1.0,,,,0,0.0,0.0,0.0,0,0.0,0.0,,0.0,0.0,0.0,0.0,,0.0
Positive_Your_skills_deal_10_30_of_your_current_mana_as#1,Positive_Your_skills_deal_10_30_of_your_current_mana_as,attack_damage,flat,10.0,30.0,,,0.0,mana_held_percent,1.0,,,,0,0.0,0.0,0.0,0,0.0,0.0,,0.0,0.0,0.0,0.0,,0.0
Positive_Your_skills_deal_10_30_of_your_current_mana_as#2,Positive_Your_skills_deal_10_30_of_your_current_mana_as,spell_damage,flat,10.0,30.0,,,0.0,mana_held_percent,1.0,,,,0,0.0,0.0,0.0,0,0.0,0.0,,0.0,0.0,0.0,0.0,,0.0
Positive_Each_active_buff_on_you_increases_your_damage_by#1,Positive_Each_active_buff_on_you_increases_your_damage_by,attack_damage,increased,5.0,10.0,,,0.0,buffs_held,1.0,,,,0,0.0,0.0,0.0,0,0.0,0.0,,0.0,0.0,0.0,0.0,,0.0
Positive_Each_active_buff_on_you_increases_your_damage_by#2,Positive_Each_active_buff_on_you_increases_your_damage_by,spell_damage,increased,5.0,10.0,,,0.0,buffs_held,1.0,,,,0,0.0,0.0,0.0,0,0.0,0.0,,0.0,0.0,0.0,0.0,,0.0
Positive_Spells_deal_10_20_bonus_damage_for_each_active#1,Positive_Spells_deal_10_20_bonus_damage_for_each_active,spell_damage,increased,10.0,20.0,Type.Spell,,0.0,buffs_held,1.0,,,,0,0.0,0.0,0.0,0,0.0,0.0,,0.0,0.0,0.0,0.0,,0.0
Negative_Each_active_minion_reduces_your_maximum_HP_by_3#1,Negative_Each_active_minion_reduces_your_maximum_HP_by_3,max_health,increased,-3.0,-6.0,,,0.0,minions_held,1.0,,,,0,0.0,0.0,0.0,0,0.0,0.0,,0.0,0.0,0.0,0.0,,0.0
Negative_Take_5_15_more_damage_per_active_aura#1,Negative_Take_5_15_more_damage_per_active_aura,damage_taken,more,5.0,15.0,,,0.0,auras_held,1.0,,,,0,0.0,0.0,0.0,0,0.0,0.0,,0.0,0.0,0.0,0.0,,0.0
Negative_Point_blank_AOE_skills_deal_15_25_less_damage#1,Negative_Point_blank_AOE_skills_deal_15_25_less_damage,attack_damage,more,-15.0,-25.0,Type.AOE.PointBlank,enemies_hit_at_most,1.0,,0.0,,,,0,0.0,0.0,0.0,0,0.0,0.0,,0.0,0.0,0.0,0.0,,0.0
Negative_Point_blank_AOE_skills_deal_15_25_less_damage#2,Negative_Point_blank_AOE_skills_deal_15_25_less_damage,spell_damage,more,-15.0,-25.0,Type.AOE.PointBlank,enemies_hit_at_most,1.0,,0.0,,,,0,0.0,0.0,0.0,0,0.0,0.0,,0.0,0.0,0.0,0.0,,0.0
Negative_You_take_15_25_more_damage_from_enemies_that_a#1,Negative_You_take_15_25_more_damage_from_enemies_that_a,damage_taken,more,15.0,25.0,,opponent_is_crowd_controlled,0.0,,0.0,,,,0,0.0,0.0,0.0,0,0.0,0.0,,0.0,0.0,0.0,0.0,,0.0
Negative_Your_skills_deal_1_5_2_5_less_damage_for_every#1,Negative_Your_skills_deal_1_5_2_5_less_damage_for_every,attack_damage,more,-1.5,-2.5,,,0.0,class_points_spent,10.0,,,,0,0.0,100.0,0.0,0,0.0,0.0,,0.0,0.0,0.0,0.0,,0.0
Negative_Your_skills_deal_1_5_2_5_less_damage_for_every#2,Negative_Your_skills_deal_1_5_2_5_less_damage_for_every,spell_damage,more,-1.5,-2.5,,,0.0,class_points_spent,10.0,,,,0,0.0,100.0,0.0,0,0.0,0.0,,0.0,0.0,0.0,0.0,,0.0
Positive_Each_class_point_spent_above_100_grants_0_5_1#1,Positive_Each_class_point_spent_above_100_grants_0_5_1,attack_damage,increased,0.5,1.0,,,0.0,class_points_spent,1.0,,,,0,0.0,100.0,0.0,0,0.0,0.0,,0.0,0.0,0.0,0.0,,0.0
Positive_Each_class_point_spent_above_100_grants_0_5_1#2,Positive_Each_class_point_spent_above_100_grants_0_5_1,spell_damage,increased,0.5,1.0,,,0.0,class_points_spent,1.0,,,,0,0.0,100.0,0.0,0,0.0,0.0,,0.0,0.0,0.0,0.0,,0.0
Negative_Your_maximum_HP_is_reduced_by_1_5_2_5_for_ever#1,Negative_Your_maximum_HP_is_reduced_by_1_5_2_5_for_ever,max_health,increased,-1.5,-2.5,,,0.0,class_points_spent,10.0,,,,0,0.0,50.0,0.0,0,0.0,0.0,,0.0,0.0,0.0,0.0,,0.0
Negative_Non_critical_strikes_deal_20_35_less_damage#1,Negative_Non_critical_strikes_deal_20_35_less_damage,non_critical_damage,more,-20.0,-35.0,,,0.0,,0.0,,,,0,0.0,0.0,0.0,0,0.0,0.0,,0.0,0.0,0.0,0.0,,0.0
Negative_Projectiles_deal_20_35_less_damage_on_each_sub#1,Negative_Projectiles_deal_20_35_less_damage_on_each_sub,projectile_later_hit_damage,more,-20.0,-35.0,Type.Projectile,,0.0,,0.0,,,,0,0.0,0.0,0.0,0,0.0,0.0,,0.0,0.0,0.0,0.0,,0.0
Negative_Persistent_AOE_zones_deal_20_35_less_damage_on#1,Negative_Persistent_AOE_zones_deal_20_35_less_damage_on,zone_first_sweep_damage,more,-20.0,-35.0,,,0.0,,0.0,,,,0,0.0,0.0,0.0,0,0.0,0.0,,0.0,0.0,0.0,0.0,,0.0
Negative_You_take_15_25_more_damage_from_melee_attacks#1,Negative_You_take_15_25_more_damage_from_melee_attacks,damage_taken,more,15.0,25.0,,melee_hit_while_moving,0.0,,0.0,,,,0,0.0,0.0,0.0,0,0.0,0.0,,0.0,0.0,0.0,0.0,,0.0
Positive_Critical_strikes_grant_a_stack_of_power_increasi#1,Positive_Critical_strikes_grant_a_stack_of_power_increasi,attack_damage,increased,3.0,5.0,,,0.0,own_stacks,1.0,,critical_strike,,5,5.0,0.0,0.0,0,0.0,0.0,,0.0,0.0,0.0,0.0,,0.0
Positive_Critical_strikes_grant_a_stack_of_power_increasi#2,Positive_Critical_strikes_grant_a_stack_of_power_increasi,spell_damage,increased,3.0,5.0,,,0.0,own_stacks,1.0,,critical_strike,,5,5.0,0.0,0.0,0,0.0,0.0,,0.0,0.0,0.0,0.0,,0.0
Positive_Applying_a_DoT_to_an_enemy_grants_5_10_increas#1,Positive_Applying_a_DoT_to_an_enemy_grants_5_10_increas,attack_damage,increased,5.0,10.0,,,0.0,own_stacks,1.0,,dot_applied,,5,4.0,0.0,0.0,0,0.0,0.0,,0.0,0.0,0.0,0.0,,0.0
Positive_Applying_a_DoT_to_an_enemy_grants_5_10_increas#2,Positive_Applying_a_DoT_to_an_enemy_grants_5_10_increas,spell_damage,increased,5.0,10.0,,,0.0,own_stacks,1.0,,dot_applied,,5,4.0,0.0,0.0,0,0.0,0.0,,0.0,0.0,0.0,0.0,,0.0
Positive_Each_skill_use_increases_your_movement_speed_by#1,Positive_Each_skill_use_increases_your_movement_speed_by,movement_speed,increased,3.0,5.0,,,0.0,own_stacks,1.0,,skill_use,,5,2.0,0.0,0.0,0,0.0,0.0,,0.0,0.0,0.0,0.0,,0.0
Negative_Melee_attacks_that_hit_you_reduce_your_armor_by#1,Negative_Melee_attacks_that_hit_you_reduce_your_armor_by,armor,increased,-3.0,-5.0,,,0.0,own_stacks,1.0,,melee_hit_taken,,5,3.0,0.0,0.0,0,0.0,0.0,,0.0,0.0,0.0,0.0,,0.0
Negative_Each_kill_reduces_your_damage_by_2_4_for_5_sec#1,Negative_Each_kill_reduces_your_damage_by_2_4_for_5_sec,attack_damage,increased,-2.0,-4.0,,,0.0,own_stacks,1.0,,kill,,5,5.0,0.0,0.0,0,0.0,0.0,,0.0,0.0,0.0,0.0,,0.0
Negative_Each_kill_reduces_your_damage_by_2_4_for_5_sec#2,Negative_Each_kill_reduces_your_damage_by_2_4_for_5_sec,spell_damage,increased,-2.0,-4.0,,,0.0,own_stacks,1.0,,kill,,5,5.0,0.0,0.0,0,0.0,0.0,,0.0,0.0,0.0,0.0,,0.0
Negative_Each_skill_use_reduces_your_armor_by_1_2_for_3#1,Negative_Each_skill_use_reduces_your_armor_by_1_2_for_3,armor,increased,-1.0,-2.0,,,0.0,own_stacks,1.0,,skill_use,,10,3.0,0.0,0.0,0,0.0,0.0,,0.0,0.0,0.0,0.0,,0.0
Negative_Each_spell_cast_reduces_your_armor_by_2_4_for#1,Negative_Each_spell_cast_reduces_your_armor_by_2_4_for,armor,increased,-2.0,-4.0,,,0.0,own_stacks,1.0,,spell,,5,3.0,0.0,0.0,0,0.0,0.0,,0.0,0.0,0.0,0.0,,0.0
Positive_When_you_dodge_an_attack_your_next_skill_deals_3#1,Positive_When_you_dodge_an_attack_your_next_skill_deals_3,,,30.0,60.0,,,0.0,,0.0,next_skill_damage,dodge,,1,0.0,0.0,0.0,0,0.0,0.0,,0.0,0.0,0.0,0.0,,0.0
Positive_When_your_class_resource_is_full_your_next_skil#1,Positive_When_your_class_resource_is_full_your_next_skil,,,30.0,60.0,,,0.0,,0.0,next_skill_damage,resource_full,,1,0.0,0.0,0.0,0,0.0,0.0,,0.0,0.0,0.0,0.0,,0.0
Positive_After_using_your_movement_ability_your_next_atta#1,Positive_After_using_your_movement_ability_your_next_atta,,,30.0,60.0,,,0.0,,0.0,next_attack_damage,movement_skill,,1,0.0,0.0,0.0,0,0.0,0.0,,0.0,0.0,0.0,0.0,,0.0
Positive_Each_successful_block_increases_your_next_attack#1,Positive_Each_successful_block_increases_your_next_attack,,,10.0,20.0,,,0.0,,0.0,next_attack_damage,block,,5,0.0,0.0,0.0,0,0.0,0.0,,0.0,0.0,0.0,0.0,,0.0
Positive_Every_10_seconds_gain_a_stack_of_momentum_granti#1,Positive_Every_10_seconds_gain_a_stack_of_momentum_granti,attack_damage,increased,5.0,10.0,,,0.0,own_stacks,1.0,,every_seconds,,5,20.0,0.0,10.0,0,0.0,0.0,,0.0,0.0,0.0,0.0,,0.0
Positive_Every_10_seconds_gain_a_stack_of_momentum_granti#2,Positive_Every_10_seconds_gain_a_stack_of_momentum_granti,spell_damage,increased,5.0,10.0,,,0.0,own_stacks,1.0,,every_seconds,,5,20.0,0.0,10.0,0,0.0,0.0,,0.0,0.0,0.0,0.0,,0.0
Positive_Every_8_seconds_your_next_attack_deals_100_200#1,Positive_Every_8_seconds_your_next_attack_deals_100_200,,,100.0,200.0,,,0.0,,0.0,next_attack_damage,every_seconds,,1,0.0,0.0,8.0,0,0.0,0.0,,0.0,0.0,0.0,0.0,,0.0
Positive_Every_30_seconds_your_next_skill_is_cast_at_300#1,Positive_Every_30_seconds_your_next_skill_is_cast_at_300,,,300.0,500.0,,,0.0,,0.0,next_skill_effectiveness,every_seconds,,1,0.0,0.0,30.0,0,0.0,0.0,,0.0,0.0,0.0,0.0,,0.0
Positive_Each_consecutive_melee_hit_on_the_same_enemy_inc#1,Positive_Each_consecutive_melee_hit_on_the_same_enemy_inc,attack_damage,increased,5.0,10.0,Type.Melee,,0.0,consecutive_hits,1.0,,hit_dealt,,8,0.0,0.0,0.0,0,0.0,0.0,,0.0,0.0,0.0,0.0,,0.0
Positive_Each_consecutive_melee_hit_on_the_same_enemy_inc#2,Positive_Each_consecutive_melee_hit_on_the_same_enemy_inc,spell_damage,increased,5.0,10.0,Type.Melee,,0.0,consecutive_hits,1.0,,hit_dealt,,8,0.0,0.0,0.0,0,0.0,0.0,,0.0,0.0,0.0,0.0,,0.0
Negative_Each_consecutive_hit_against_the_same_enemy_deal#1,Negative_Each_consecutive_hit_against_the_same_enemy_deal,attack_damage,more,-5.0,-8.0,,,0.0,consecutive_hits,1.0,,hit_dealt,,10,0.0,0.0,0.0,0,0.0,0.0,,0.0,0.0,0.0,0.0,,0.0
Negative_Each_consecutive_hit_against_the_same_enemy_deal#2,Negative_Each_consecutive_hit_against_the_same_enemy_deal,spell_damage,more,-5.0,-8.0,,,0.0,consecutive_hits,1.0,,hit_dealt,,10,0.0,0.0,0.0,0,0.0,0.0,,0.0,0.0,0.0,0.0,,0.0
Positive_Strike_skills_reduce_enemy_armor_by_3_6_per_hi#1,Positive_Strike_skills_reduce_enemy_armor_by_3_6_per_hi,,,3.0,6.0,Type.Strike,,0.0,,0.0,enemy_armor_removed,hit_dealt,,6,5.0,0.0,0.0,0,0.0,0.0,,0.0,0.0,0.0,0.0,,0.0
Positive_Hitting_an_enemy_reduces_their_armor_by_2_4_fo#1,Positive_Hitting_an_enemy_reduces_their_armor_by_2_4_fo,,,2.0,4.0,,,0.0,,0.0,enemy_armor_removed,hit_dealt,,0,5.0,0.0,0.0,0,0.0,0.0,,0.0,0.0,0.0,0.0,,0.0
Positive_Each_melee_hit_you_take_reduces_the_attacker_s_d#1,Positive_Each_melee_hit_you_take_reduces_the_attacker_s_d,,,3.0,5.0,,,0.0,,0.0,attacker_damage_removed,melee_hit_taken,,5,3.0,0.0,0.0,0,0.0,0.0,,0.0,0.0,0.0,0.0,,0.0
Negative_Every_5th_hit_you_take_deals_50_100_bonus_dama#1,Negative_Every_5th_hit_you_take_deals_50_100_bonus_dama,,,50.0,100.0,,,0.0,,0.0,nth_hit_taken_damage,,,0,0.0,0.0,0.0,5,0.0,0.0,,0.0,0.0,0.0,0.0,,0.0
Negative_Every_third_cast_of_your_spells_cost_20_80_of#1,Negative_Every_third_cast_of_your_spells_cost_20_80_of,,,20.0,80.0,,,0.0,,0.0,nth_spell_mana_cost,,,0,0.0,0.0,0.0,3,0.0,0.0,,0.0,0.0,0.0,0.0,,0.0
Negative_Every_10th_attack_deals_no_damage#1,Negative_Every_10th_attack_deals_no_damage,,,100.0,100.0,,,0.0,,0.0,nth_attack_no_damage,,,0,0.0,0.0,0.0,10,0.0,0.0,,0.0,0.0,0.0,0.0,,0.0
Positive_Regenerate_1_3_of_your_maximum_HP_per_second#1,Positive_Regenerate_1_3_of_your_maximum_HP_per_second,health_regen,flat,1.0,3.0,,,0.0,max_health,100.0,,,,0,0.0,0.0,0.0,0,0.0,0.0,,0.0,0.0,0.0,0.0,,0.0
Positive_Regenerate_5_10_of_your_maximum_mana_per_secon#1,Positive_Regenerate_5_10_of_your_maximum_mana_per_secon,mana_regen,flat,5.0,10.0,,,0.0,max_mana,100.0,,,,0,0.0,0.0,0.0,0,0.0,0.0,,0.0,0.0,0.0,0.0,,0.0
Positive_Every_15_seconds_regenerate_10_20_of_your_maxi#1,Positive_Every_15_seconds_regenerate_10_20_of_your_maxi,,,10.0,20.0,,,0.0,,0.0,health,every_seconds,maximum,0,0.0,0.0,15.0,0,0.0,0.0,,0.0,0.0,0.0,0.0,,0.0
Negative_You_lose_15_of_your_max_hp_every_5_seconds#1,Negative_You_lose_15_of_your_max_hp_every_5_seconds,,,-15.0,-15.0,,,0.0,,0.0,health,every_seconds,maximum,0,0.0,0.0,5.0,0,0.0,0.0,,0.0,0.0,0.0,0.0,,0.0
Negative_Every_10_seconds_you_lose_5_10_of_your_current#1,Negative_Every_10_seconds_you_lose_5_10_of_your_current,,,-5.0,-10.0,,,0.0,,0.0,health,every_seconds,current,0,0.0,0.0,10.0,0,0.0,0.0,,0.0,0.0,0.0,0.0,,0.0
Positive_Every_10_seconds_your_movement_speed_is_increase#1,Positive_Every_10_seconds_your_movement_speed_is_increase,movement_speed,increased,30.0,50.0,,,0.0,own_stacks,1.0,,every_seconds,,1,3.0,0.0,10.0,0,0.0,0.0,,0.0,0.0,0.0,0.0,,0.0
Negative_Every_20_seconds_your_damage_is_halved_for_5_sec#1,Negative_Every_20_seconds_your_damage_is_halved_for_5_sec,attack_damage,more,-50.0,-50.0,,,0.0,own_stacks,1.0,,every_seconds,,1,5.0,0.0,20.0,0,0.0,0.0,,0.0,0.0,0.0,0.0,,0.0
Negative_Every_20_seconds_your_damage_is_halved_for_5_sec#2,Negative_Every_20_seconds_your_damage_is_halved_for_5_sec,spell_damage,more,-50.0,-50.0,,,0.0,own_stacks,1.0,,every_seconds,,1,5.0,0.0,20.0,0,0.0,0.0,,0.0,0.0,0.0,0.0,,0.0
Negative_Lose_10_20_armor_when_you_use_a_skill#1,Negative_Lose_10_20_armor_when_you_use_a_skill,armor,increased,-10.0,-20.0,,,0.0,own_stacks,1.0,,skill_use,,1,3.0,0.0,0.0,0,0.0,0.0,,0.0,0.0,0.0,0.0,,0.0
Negative_Minus_2_4_to_your_max_minion_count#1,Negative_Minus_2_4_to_your_max_minion_count,minion_cap_bonus,flat,-2.0,-4.0,,,0.0,,0.0,,,,0,0.0,0.0,0.0,0,0.0,0.0,,0.0,0.0,0.0,0.0,,0.0
Negative_Your_class_resource_decays_twice_as_fast#1,Negative_Your_class_resource_decays_twice_as_fast,fervour_decay_per_second,more,100.0,100.0,,,0.0,,0.0,,,,0,0.0,0.0,0.0,0,0.0,0.0,,0.0,0.0,0.0,0.0,,0.0
Negative_Your_maximum_HP_cannot_exceed_40_60_of_its_nor#1,Negative_Your_maximum_HP_cannot_exceed_40_60_of_its_nor,max_health,more,-40.0,-60.0,,,0.0,,0.0,,,,0,0.0,0.0,0.0,0,0.0,0.0,,0.0,0.0,0.0,0.0,,0.0
Positive_Burn_effects_you_apply_deal_30_60_increased_da#1,Positive_Burn_effects_you_apply_deal_30_60_increased_da,dot_damage,increased,30.0,60.0,Keyword.DoT.Burn,,0.0,,0.0,,,,0,0.0,0.0,0.0,0,0.0,0.0,,0.0,0.0,0.0,0.0,,0.0
Positive_Poison_effects_you_apply_deal_30_60_increased#1,Positive_Poison_effects_you_apply_deal_30_60_increased,dot_damage,increased,30.0,60.0,Keyword.DoT.Poison,,0.0,,0.0,,,,0,0.0,0.0,0.0,0,0.0,0.0,,0.0,0.0,0.0,0.0,,0.0
Positive_Bleed_stacks_you_apply_deal_30_60_increased_da#1,Positive_Bleed_stacks_you_apply_deal_30_60_increased_da,dot_damage,increased,30.0,60.0,Keyword.DoT.Bleed,,0.0,,0.0,,,,0,0.0,0.0,0.0,0,0.0,0.0,,0.0,0.0,0.0,0.0,,0.0
Positive_Poison_stacks_you_apply_have_30_60_increased_d#1,Positive_Poison_stacks_you_apply_have_30_60_increased_d,dot_duration,increased,30.0,60.0,Keyword.DoT.Poison,,0.0,,0.0,,,,0,0.0,0.0,0.0,0,0.0,0.0,,0.0,0.0,0.0,0.0,,0.0
Positive_Your_first_hit_against_each_enemy_in_a_combat_ig#1,Positive_Your_first_hit_against_each_enemy_in_a_combat_ig,penetration,flat,100.0,100.0,,target_not_yet_struck_by_you,0.0,,0.0,,,,0,0.0,0.0,0.0,0,0.0,0.0,,0.0,0.0,0.0,0.0,,0.0
Negative_Every_hit_you_take_deals_an_additional_5_10_of#1,Negative_Every_hit_you_take_deals_an_additional_5_10_of,,,-5.0,-10.0,,,0.0,,0.0,health,hit_taken,maximum,0,0.0,0.0,0.0,0,0.0,0.0,,0.0,0.0,0.0,0.0,,0.0
Positive_Energy_shield_regeneration_begins_immediately_af#1,Positive_Energy_shield_regeneration_begins_immediately_af,shield_recharge_has_no_delay,flat,1.0,1.0,,,0.0,,0.0,,,,0,0.0,0.0,0.0,0,0.0,0.0,,0.0,0.0,0.0,0.0,,0.0
Negative_Your_minions_have_20_50_less_hp#1,Negative_Your_minions_have_20_50_less_hp,minion_health,more,-20.0,-50.0,,,0.0,,0.0,,,,0,0.0,0.0,0.0,0,0.0,0.0,,0.0,0.0,0.0,0.0,,0.0
Positive_Using_your_ultimate_ability_resets_all_other_ski#1,Positive_Using_your_ultimate_ability_resets_all_other_ski,,,100.0,100.0,Slot.Ultimate,,0.0,,0.0,cooldown_reset_others,skill_use,,0,0.0,0.0,0.0,0,0.0,0.0,,0.0,0.0,0.0,0.0,,0.0
Positive_Your_special_ability_cooldown_is_reset_when_you#1,Positive_Your_special_ability_cooldown_is_reset_when_you,,,100.0,100.0,,,0.0,,0.0,cooldown_reset_special,kill,,0,0.0,0.0,0.0,0,0.0,0.0,,0.0,0.0,0.0,0.0,,0.0
Positive_Every_20_seconds_all_your_skill_cooldowns_are_in#1,Positive_Every_20_seconds_all_your_skill_cooldowns_are_in,,,100.0,100.0,,,0.0,,0.0,cooldown_reset_all,every_seconds,,0,0.0,0.0,20.0,0,0.0,0.0,,0.0,0.0,0.0,0.0,,0.0
Positive_Blocking_an_attack_has_a_20_40_chance_to_reset#1,Positive_Blocking_an_attack_has_a_20_40_chance_to_reset,,,20.0,40.0,,,0.0,,0.0,cooldown_reset_heavy,block,,0,0.0,0.0,0.0,0,0.0,0.0,,0.0,0.0,0.25,0.0,,0.0
Positive_Critical_strikes_have_a_15_30_chance_to_reset#1,Positive_Critical_strikes_have_a_15_30_chance_to_reset,,,15.0,30.0,,,0.0,,0.0,cooldown_reset_movement,critical_strike,,0,0.0,0.0,0.0,0,0.0,0.0,,0.0,0.0,0.25,0.0,,0.0
Positive_Dodging_an_attack_has_a_20_40_chance_to_reset#1,Positive_Dodging_an_attack_has_a_20_40_chance_to_reset,,,20.0,40.0,,,0.0,,0.0,cooldown_reset_movement,dodge,,0,0.0,0.0,0.0,0,0.0,0.0,,0.0,0.0,0.25,0.0,,0.0
Positive_Hitting_a_staggered_enemy_resets_your_heavy_atta#1,Positive_Hitting_a_staggered_enemy_resets_your_heavy_atta,,,100.0,100.0,,target_is_staggered,0.0,,0.0,cooldown_reset_heavy,hit_dealt,,0,0.0,0.0,0.0,0,0.0,0.0,,0.0,0.0,0.25,0.0,,0.0
Positive_Ranged_kills_have_a_20_40_chance_to_refund_the#1,Positive_Ranged_kills_have_a_20_40_chance_to_refund_the,,,20.0,40.0,Type.Ranged,,0.0,,0.0,cooldown_reset_event_skill,kill,,0,0.0,0.0,0.0,0,0.0,0.0,,0.0,0.0,0.0,0.0,,0.0
Positive_When_your_class_resource_hits_zero_all_skill_co#1,Positive_When_your_class_resource_hits_zero_all_skill_co,,,2.0,4.0,,,0.0,,0.0,cooldown_reduce_all,resource_empty,,0,0.0,0.0,0.0,0,0.0,0.0,,0.0,0.0,0.0,0.0,,0.0
Positive_Each_summon_reduces_all_your_skill_cooldowns_by#1,Positive_Each_summon_reduces_all_your_skill_cooldowns_by,,,1.0,2.0,,,0.0,,0.0,cooldown_reduce_all,summon,,0,0.0,0.0,0.0,0,0.0,0.0,,0.0,0.0,0.0,0.0,,0.0
Positive_Your_heavy_attack_cooldown_is_reduced_by_0_5_1_5#1,Positive_Your_heavy_attack_cooldown_is_reduced_by_0_5_1_5,,,0.5,1.5,,,0.0,,0.0,cooldown_reduce_heavy,critical_strike,,0,0.0,0.0,0.0,0,0.0,0.0,,0.0,0.0,0.25,0.0,,0.0
Positive_Each_spell_cast_reduces_your_next_spell_cooldown#1,Positive_Each_spell_cast_reduces_your_next_spell_cooldown,,,0.5,1.5,,,0.0,,0.0,next_spell_cooldown_reduced,spell,,1,0.0,0.0,0.0,0,0.0,0.0,,0.0,0.0,0.0,0.0,,0.0
Positive_Gadgets_deal_bonus_damage_equal_to_3_6_of_your#1,Positive_Gadgets_deal_bonus_damage_equal_to_3_6_of_your,attack_damage,flat,3.0,6.0,Type.Deployable,,0.0,max_health,100.0,,,,0,0.0,0.0,0.0,0,0.0,0.0,,0.0,0.0,0.0,0.0,,0.0
Positive_While_stationary_your_gadgets_deal_20_40_incr#1,Positive_While_stationary_your_gadgets_deal_20_40_incr,attack_damage,increased,20.0,40.0,Type.Deployable,while_stationary,0.0,,0.0,,,,0,0.0,0.0,0.0,0,0.0,0.0,,0.0,0.0,0.0,0.0,,0.0
Positive_Gadgets_have_40_70_increased_HP#1,Positive_Gadgets_have_40_70_increased_HP,minion_health,increased,40.0,70.0,Type.Deployable,,0.0,,0.0,,,,0,0.0,0.0,0.0,0,0.0,0.0,,0.0,0.0,0.0,0.0,,0.0
Positive_Gadgets_last_30_60_longer#1,Positive_Gadgets_last_30_60_longer,minion_duration,increased,30.0,60.0,Type.Deployable,,0.0,,0.0,,,,0,0.0,0.0,0.0,0,0.0,0.0,,0.0,0.0,0.0,0.0,,0.0
Positive_Gadgets_fire_20_40_faster#1,Positive_Gadgets_fire_20_40_faster,minion_attack_speed,increased,20.0,40.0,Type.Deployable,,0.0,,0.0,,,,0,0.0,0.0,0.0,0,0.0,0.0,,0.0,0.0,0.0,0.0,,0.0
Positive_Add_1_3_to_your_max_deployable_count#1,Positive_Add_1_3_to_your_max_deployable_count,minion_cap_bonus,flat,1.0,3.0,Type.Deployable,,0.0,,0.0,,,,0,0.0,0.0,0.0,0,0.0,0.0,,0.0,0.0,0.0,0.0,,0.0
Negative_When_you_die_all_your_buffs_are_removed#1,Negative_When_you_die_all_your_buffs_are_removed,auras_end_at_death,flat,1.0,1.0,,,0.0,,0.0,,,,0,0.0,0.0,0.0,0,0.0,0.0,,0.0,0.0,0.0,0.0,,0.0
Positive_Ultimate_has_1_3_additional_charges#1,Positive_Ultimate_has_1_3_additional_charges,skill_charges_bonus,flat,1.0,3.0,Slot.Ultimate,,0.0,,0.0,,,,0,0.0,0.0,0.0,0,0.0,0.0,,0.0,0.0,0.0,0.0,,0.0
Positive_Gain_1_3_additional_charges_for_your_cooldown_ab#1,Positive_Gain_1_3_additional_charges_for_your_cooldown_ab,skill_charges_bonus,flat,1.0,3.0,,,0.0,,0.0,,,,0,0.0,0.0,0.0,0,0.0,0.0,,0.0,0.0,0.0,0.0,,0.0
Positive_Skills_have_1_2_additional_charges_when_fighting#1,Positive_Skills_have_1_2_additional_charges_when_fighting,skill_charges_bonus,flat,1.0,2.0,,seconds_after_striking_a_boss,4.0,,0.0,,,,0,0.0,0.0,0.0,0,0.0,0.0,,0.0,0.0,0.0,0.0,,0.0
Positive_Your_heavy_attack_has_1_2_additional_charges#1,Positive_Your_heavy_attack_has_1_2_additional_charges,skill_charges_bonus,flat,1.0,2.0,Slot.Heavy,,0.0,,0.0,,,,0,0.0,0.0,0.0,0,0.0,0.0,,0.0,0.0,0.0,0.0,,0.0
Positive_Your_special_ability_has_1_2_additional_charges#1,Positive_Your_special_ability_has_1_2_additional_charges,skill_charges_bonus,flat,1.0,2.0,Slot.Special,,0.0,,0.0,,,,0,0.0,0.0,0.0,0,0.0,0.0,,0.0,0.0,0.0,0.0,,0.0
Positive_Your_movement_ability_has_1_2_additional_charges#1,Positive_Your_movement_ability_has_1_2_additional_charges,skill_charges_bonus,flat,1.0,2.0,Slot.Movement,,0.0,,0.0,,,,0,0.0,0.0,0.0,0,0.0,0.0,,0.0,0.0,0.0,0.0,,0.0
Positive_Your_damage_is_increased_by_0_01_0_05_permanen#1,Positive_Your_damage_is_increased_by_0_01_0_05_permanen,attack_damage,increased,0.01,0.05,,,0.0,run_kills,1000.0,,,,0,0.0,0.0,0.0,0,0.0,0.0,,0.0,0.0,0.0,0.0,,0.0
Positive_Your_damage_is_increased_by_0_01_0_05_permanen#2,Positive_Your_damage_is_increased_by_0_01_0_05_permanen,spell_damage,increased,0.01,0.05,,,0.0,run_kills,1000.0,,,,0,0.0,0.0,0.0,0,0.0,0.0,,0.0,0.0,0.0,0.0,,0.0
Positive_Your_maximum_HP_is_increased_by_0_01_0_05_perm#1,Positive_Your_maximum_HP_is_increased_by_0_01_0_05_perm,max_health,increased,0.01,0.05,,,0.0,run_kills,1000.0,,,,0,0.0,0.0,0.0,0,0.0,0.0,,0.0,0.0,0.0,0.0,,0.0
Positive_This_weapon_has_5_20_more_damage_for_every_100#1,Positive_This_weapon_has_5_20_more_damage_for_every_100,attack_damage,more,5.0,20.0,,,0.0,weapon_kills,500000.0,,,,0,0.0,0.0,0.0,0,100000.0,0.0,,0.0,0.0,0.0,0.0,,0.0
Positive_This_weapon_has_5_20_more_damage_for_every_100#2,Positive_This_weapon_has_5_20_more_damage_for_every_100,spell_damage,more,5.0,20.0,,,0.0,weapon_kills,500000.0,,,,0,0.0,0.0,0.0,0,100000.0,0.0,,0.0,0.0,0.0,0.0,,0.0
Negative_You_lose_1_4_max_resistances_for_every_100_000#1,Negative_You_lose_1_4_max_resistances_for_every_100_000,resistance_cap,flat,-1.0,-4.0,,,0.0,character_kills,500000.0,,,,0,0.0,0.0,0.0,0,100000.0,0.0,,0.0,0.0,0.0,0.0,,0.0
Positive_Gadgets_apply_a_15_25_armor_reduction_to_enemi#1,Positive_Gadgets_apply_a_15_25_armor_reduction_to_enemi,,,15.0,25.0,Type.Deployable,,0.0,,0.0,enemy_armor_removed,deployable_hit,,1,3.0,0.0,0.0,0,0.0,0.0,,0.0,0.0,0.0,0.0,,0.0
Positive_Gadgets_deal_5_10_increased_damage_for_each_se#1,Positive_Gadgets_deal_5_10_increased_damage_for_each_se,attack_damage,increased,5.0,10.0,Type.Deployable,,0.0,minion_seconds_active,1.0,,,,30,0.0,0.0,0.0,0,0.0,0.0,,0.0,0.0,0.0,0.0,,0.0
Positive_Gadgets_that_survive_for_15_seconds_gain_a_perma#1,Positive_Gadgets_that_survive_for_15_seconds_gain_a_perma,attack_damage,increased,20.0,40.0,Type.Deployable,,0.0,minion_seconds_active,15.0,,,,1,0.0,0.0,0.0,0,0.0,0.0,,0.0,0.0,0.0,0.0,,0.0
Positive_Each_active_gadget_increases_your_evasion_chance#1,Positive_Each_active_gadget_increases_your_evasion_chance,evasion,increased,5.0,10.0,,,0.0,deployables_active,1.0,,,,0,0.0,0.0,0.0,0,0.0,0.0,,0.0,0.0,0.0,0.0,,0.0
Positive_You_have_10_maximum_resists#1,Positive_You_have_10_maximum_resists,resistance_cap,flat,10.0,10.0,,,0.0,,0.0,,,,0,0.0,0.0,0.0,0,0.0,0.0,,0.0,0.0,0.0,0.0,,0.0
Positive_Bleed_stacks_you_apply_have_50_100_increased_d#1,Positive_Bleed_stacks_you_apply_have_50_100_increased_d,dot_duration,increased,50.0,100.0,Keyword.DoT.Bleed,,0.0,,0.0,,,,0,0.0,0.0,0.0,0,0.0,0.0,,0.0,0.0,0.0,0.0,,0.0
Negative_Killing_an_enemy_triggers_a_1_2_second_global_co#1,Negative_Killing_an_enemy_triggers_a_1_2_second_global_co,skill_locked,flat,1.0,1.0,,,0.0,own_stacks,1.0,,kill,,1,1.0,0.0,0.0,0,0.0,2.0,,0.0,0.0,0.0,0.0,,0.0
Negative_Critical_strikes_trigger_a_0_5_1_second_global_c#1,Negative_Critical_strikes_trigger_a_0_5_1_second_global_c,skill_locked,flat,1.0,1.0,,,0.0,own_stacks,1.0,,critical_strike,,1,0.5,0.0,0.0,0,0.0,1.0,,0.0,0.0,0.0,0.0,,0.0
Negative_Each_minion_reserves_100_500_hp#1,Negative_Each_minion_reserves_100_500_hp,health_reserved,flat,100.0,500.0,,,0.0,minions_held,1.0,,,,0,0.0,0.0,0.0,0,0.0,0.0,,0.0,0.0,0.0,0.0,,0.0
Negative_80_99_of_your_health_is_reserved#1,Negative_80_99_of_your_health_is_reserved,health_reserved_percent,flat,80.0,99.0,,,0.0,,0.0,,,,0,0.0,0.0,0.0,0,0.0,0.0,,0.0,0.0,0.0,0.0,,0.0
Positive_Your_support_ability_duration_is_increased_by_50#1,Positive_Your_support_ability_duration_is_increased_by_50,skill_duration,increased,50.0,100.0,Slot.Support,,0.0,,0.0,,,,0,0.0,0.0,0.0,0,0.0,0.0,,0.0,0.0,0.0,0.0,,0.0
Positive_Buff_effects_you_apply_last_30_60_longer#1,Positive_Buff_effects_you_apply_last_30_60_longer,buff_duration,increased,30.0,60.0,,,0.0,,0.0,,,,0,0.0,0.0,0.0,0,0.0,0.0,,0.0,0.0,0.0,0.0,,0.0
Negative_Buff_effects_applied_to_you_last_30_50_less_ti#1,Negative_Buff_effects_applied_to_you_last_30_50_less_ti,buff_duration,increased,-30.0,-50.0,,,0.0,,0.0,,,,0,0.0,0.0,0.0,0,0.0,0.0,,0.0,0.0,0.0,0.0,,0.0
Positive_Debuff_effects_you_apply_last_30_60_longer#1,Positive_Debuff_effects_you_apply_last_30_60_longer,debuff_duration,increased,30.0,60.0,,,0.0,,0.0,,,,0,0.0,0.0,0.0,0,0.0,0.0,,0.0,0.0,0.0,0.0,,0.0
Positive_Chronomancer_s_Time_Lock_2_Piece_Bonus_All_de#1,Positive_Chronomancer_s_Time_Lock_2_Piece_Bonus_All_de,debuff_duration,increased,50.0,50.0,,,0.0,,0.0,,,,0,0.0,0.0,0.0,0,0.0,0.0,,0.0,0.0,0.0,0.0,,0.0
Negative_All_buffs_you_apply_to_yourself_now_last_25_les#1,Negative_All_buffs_you_apply_to_yourself_now_last_25_les,buff_duration,increased,-25.0,-25.0,,,0.0,,0.0,,,,0,0.0,0.0,0.0,0,0.0,0.0,,0.0,0.0,0.0,0.0,,0.0
Positive_Ranged_skills_have_30_60_increased_projectile#1,Positive_Ranged_skills_have_30_60_increased_projectile,projectile_speed,increased,30.0,60.0,Type.Ranged,,0.0,,0.0,,,,0,0.0,0.0,0.0,0,0.0,0.0,,0.0,0.0,0.0,0.0,,0.0
Negative_Ranged_skills_have_20_35_reduced_projectile_sp#1,Negative_Ranged_skills_have_20_35_reduced_projectile_sp,projectile_speed,increased,-20.0,-35.0,Type.Ranged,,0.0,,0.0,,,,0,0.0,0.0,0.0,0,0.0,0.0,,0.0,0.0,0.0,0.0,,0.0
Negative_Projectiles_travel_30_50_slower#1,Negative_Projectiles_travel_30_50_slower,projectile_speed,increased,-30.0,-50.0,Type.Projectile,,0.0,,0.0,,,,0,0.0,0.0,0.0,0,0.0,0.0,,0.0,0.0,0.0,0.0,,0.0
Positive_Your_ranged_skills_have_20_40_increased_range#1,Positive_Your_ranged_skills_have_20_40_increased_range,skill_range,increased,20.0,40.0,Type.Ranged,,0.0,,0.0,,,,0,0.0,0.0,0.0,0,0.0,0.0,,0.0,0.0,0.0,0.0,,0.0
Positive_Gadgets_have_20_40_increased_attack_range#1,Positive_Gadgets_have_20_40_increased_attack_range,minion_range,increased,20.0,40.0,Type.Deployable,,0.0,,0.0,,,,0,0.0,0.0,0.0,0,0.0,0.0,,0.0,0.0,0.0,0.0,,0.0
Positive_Your_melee_skills_have_0_5_1_metre_reach#1,Positive_Your_melee_skills_have_0_5_1_metre_reach,melee_reach_metres,flat,0.5,1.0,Type.Melee,,0.0,,0.0,,,,0,0.0,0.0,0.0,0,0.0,0.0,,0.0,0.0,0.0,0.0,,0.0
Positive_Your_critical_strikes_ignore_20_40_of_enemy_ar#1,Positive_Your_critical_strikes_ignore_20_40_of_enemy_ar,critical_armor_penetration,flat,20.0,40.0,,,0.0,,0.0,,,,0,0.0,0.0,0.0,0,0.0,0.0,,0.0,0.0,0.0,0.0,,0.0
Negative_While_stationary_you_take_20_35_increased_dama#1,Negative_While_stationary_you_take_20_35_increased_dama,damage_taken,increased,20.0,35.0,,while_stationary,0.0,,0.0,,,,0,0.0,0.0,0.0,0,0.0,0.0,hit_is_ranged_attack,0.0,0.0,0.0,0.0,,0.0
Negative_You_take_20_35_increased_damage_from_melee_att#1,Negative_You_take_20_35_increased_damage_from_melee_att,damage_taken,increased,20.0,35.0,,hit_is_melee_attack,0.0,,0.0,,,,0,0.0,0.0,0.0,0,0.0,0.0,health_above,75.0,0.0,0.0,0.0,,0.0
Positive_Your_abilities_are_free_when_above_80_95_hp#1,Positive_Your_abilities_are_free_when_above_80_95_hp,mana_cost,removed,1.0,1.0,,health_above,95.0,,0.0,,,,0,0.0,0.0,0.0,0,0.0,0.0,,0.0,80.0,0.0,0.0,,0.0
Negative_Your_critical_strike_chance_cannot_exceed_30_50#1,Negative_Your_critical_strike_chance_cannot_exceed_30_50,max_crit_chance,flat,-50.0,-70.0,,,0.0,,0.0,,,,0,0.0,0.0,0.0,0,0.0,0.0,,0.0,0.0,0.0,0.0,,0.0
Negative_Your_energy_shield_cannot_recharge_above_50_of#1,Negative_Your_energy_shield_cannot_recharge_above_50_of,energy_shield_recharge_ceiling_reduction,flat,50.0,50.0,,,0.0,,0.0,,,,0,0.0,0.0,0.0,0,0.0,0.0,,0.0,0.0,0.0,0.0,,0.0
Negative_Kills_no_longer_generate_any_experience#1,Negative_Kills_no_longer_generate_any_experience,experience_gain,removed,1.0,1.0,,,0.0,,0.0,,,,0,0.0,0.0,0.0,0,0.0,0.0,,0.0,0.0,0.0,0.0,,0.0
Negative_Movement_abilities_cost_20_50_of_your_maximum#1,Negative_Movement_abilities_cost_20_50_of_your_maximum,mana_cost_as_maximum_mana_percent,flat,20.0,50.0,Slot.Movement,,0.0,,0.0,,,,0,0.0,0.0,0.0,0,0.0,0.0,,0.0,0.0,0.0,0.0,,0.0
Negative_Enemies_deal_5_8_increased_damage_for_every_15#1,Negative_Enemies_deal_5_8_increased_damage_for_every_15,damage_taken,increased,5.0,8.0,,,0.0,seconds_on_floor,15.0,,,,0,0.0,0.0,0.0,0,0.0,0.0,,0.0,0.0,0.0,0.0,,0.0
Positive_Your_armor_is_increased_by_1_2_for_every_dunge#1,Positive_Your_armor_is_increased_by_1_2_for_every_dunge,armor,increased,1.0,2.0,,,0.0,floors_cleared,1.0,,,,0,0.0,0.0,0.0,0,0.0,0.0,,0.0,0.0,0.0,0.0,,0.0
Positive_Your_retaliation_damage_is_increased_by_2_4_fo#1,Positive_Your_retaliation_damage_is_increased_by_2_4_fo,retaliation,increased,2.0,4.0,,,0.0,armor,100.0,,,,0,0.0,0.0,0.0,0,0.0,0.0,,0.0,0.0,0.0,0.0,,0.0
Positive_For_every_unique_Cataclysm_boss_defeated_gain_5#1,Positive_For_every_unique_Cataclysm_boss_defeated_gain_5,attack_damage,more,5.0,10.0,,,0.0,cataclysm_bosses_defeated,1.0,,,,0,0.0,0.0,0.0,0,0.0,0.0,,0.0,0.0,0.0,0.0,,0.0
Positive_For_every_unique_Cataclysm_boss_defeated_gain_5#2,Positive_For_every_unique_Cataclysm_boss_defeated_gain_5,spell_damage,more,5.0,10.0,,,0.0,cataclysm_bosses_defeated,1.0,,,,0,0.0,0.0,0.0,0,0.0,0.0,,0.0,0.0,0.0,0.0,,0.0
Positive_Critical_strikes_apply_a_random_DoT_to_the_targe#1,Positive_Critical_strikes_apply_a_random_DoT_to_the_targe,,,100.0,100.0,,,0.0,,0.0,apply_random_dot,critical_strike,,0,0.0,0.0,0.0,0,0.0,0.0,,0.0,0.0,0.25,0.0,,0.0
Positive_Your_retaliation_damage_also_applies_a_random_Do#1,Positive_Your_retaliation_damage_also_applies_a_random_Do,,,100.0,100.0,,,0.0,,0.0,apply_random_dot,retaliation_dealt,,0,0.0,0.0,0.0,0,0.0,0.0,,0.0,0.0,0.25,0.0,,0.0
Positive_Archon_s_Aegis_10_Piece_Bonus_When_your_healt#1,Positive_Archon_s_Aegis_10_Piece_Bonus_When_your_healt,,,100.0,100.0,,,0.0,,0.0,health,health_falls_below,maximum,0,0.0,0.0,0.0,0,0.0,0.0,,0.0,0.0,600.0,10.0,,0.0
Positive_Demon_King_s_Regalia_6_Piece_Bonus_When_your#1,Positive_Demon_King_s_Regalia_6_Piece_Bonus_When_your,crowd_control_resistance,flat,100.0,100.0,,,0.0,own_stacks,1.0,,health_falls_below,,1,10.0,0.0,0.0,0,0.0,0.0,,0.0,0.0,300.0,25.0,,0.0
Positive_Demon_King_s_Regalia_6_Piece_Bonus_When_your#2,Positive_Demon_King_s_Regalia_6_Piece_Bonus_When_your,attack_damage,more,100.0,100.0,,,0.0,own_stacks,1.0,,health_falls_below,,1,10.0,0.0,0.0,0,0.0,0.0,,0.0,0.0,300.0,25.0,,0.0
Positive_Demon_King_s_Regalia_6_Piece_Bonus_When_your#3,Positive_Demon_King_s_Regalia_6_Piece_Bonus_When_your,spell_damage,more,100.0,100.0,,,0.0,own_stacks,1.0,,health_falls_below,,1,10.0,0.0,0.0,0,0.0,0.0,,0.0,0.0,300.0,25.0,,0.0
Negative_You_start_every_dungeon_floor_at_30_50_of_your#1,Negative_You_start_every_dungeon_floor_at_30_50_of_your,,,50.0,30.0,,,0.0,,0.0,health_capped_at,floor_start,,0,0.0,0.0,0.0,0,0.0,0.0,,0.0,0.0,0.0,0.0,,0.0
Positive_Divine_Retribution_6_Piece_Bonus_When_your_en#1,Positive_Divine_Retribution_6_Piece_Bonus_When_your_en,,,100.0,100.0,,,0.0,,0.0,smite_nearby,energy_shield_broken,,0,0.0,0.0,0.0,0,0.0,0.0,,0.0,0.0,0.25,0.0,,0.0
Negative_On_death_all_nearby_enemies_are_healed_for_10_2#1,Negative_On_death_all_nearby_enemies_are_healed_for_10_2,,,10.0,20.0,,,0.0,,0.0,heal_nearby_enemies,player_death,,0,0.0,0.0,0.0,0,0.0,0.0,,0.0,0.0,0.0,0.0,,0.0
Positive_When_you_die_all_active_DoTs_on_nearby_enemies#1,Positive_When_you_die_all_active_DoTs_on_nearby_enemies,,,100.0,100.0,,,0.0,,0.0,dot_remaining_nearby,player_death,,0,0.0,0.0,0.0,0,0.0,0.0,,0.0,0.0,0.0,0.0,,0.0
Positive_Necrosis_effects_deal_20_40_of_their_remaining#1,Positive_Necrosis_effects_deal_20_40_of_their_remaining,,,20.0,40.0,,,0.0,,0.0,dot_remaining_target,critical_strike,,0,0.0,0.0,0.0,0,0.0,0.0,,0.0,0.0,0.25,0.0,Necrosis,0.0
Positive_When_any_of_your_gadgets_is_destroyed_all_remai#1,Positive_When_any_of_your_gadgets_is_destroyed_all_remai,attack_damage,increased,30.0,50.0,Type.Deployable,,0.0,own_stacks,1.0,,gadget_destroyed,,1,5.0,0.0,0.0,0,0.0,0.0,,0.0,0.0,0.0,0.0,,0.0
Positive_When_any_of_your_gadgets_is_destroyed_all_remai#2,Positive_When_any_of_your_gadgets_is_destroyed_all_remai,spell_damage,increased,30.0,50.0,Type.Deployable,,0.0,own_stacks,1.0,,gadget_destroyed,,1,5.0,0.0,0.0,0,0.0,0.0,,0.0,0.0,0.0,0.0,,0.0
Positive_Consuming_a_resource_stack_or_charge_grants_5_1#1,Positive_Consuming_a_resource_stack_or_charge_grants_5_1,attack_damage,increased,5.0,10.0,,,0.0,own_stacks,1.0,,resource_consumed,,1,3.0,0.0,0.0,0,0.0,0.0,,0.0,0.0,0.0,0.0,,0.0
Positive_Consuming_a_resource_stack_or_charge_grants_5_1#2,Positive_Consuming_a_resource_stack_or_charge_grants_5_1,spell_damage,increased,5.0,10.0,,,0.0,own_stacks,1.0,,resource_consumed,,1,3.0,0.0,0.0,0,0.0,0.0,,0.0,0.0,0.0,0.0,,0.0
Positive_Each_resource_or_charge_consumed_restores_1_3#1,Positive_Each_resource_or_charge_consumed_restores_1_3,,,1.0,3.0,,,0.0,,0.0,health,resource_consumed,maximum,0,0.0,0.0,0.0,0,0.0,0.0,,0.0,0.0,0.0,0.0,,0.0
Positive_Your_critical_strikes_always_cause_bleeding#1,Positive_Your_critical_strikes_always_cause_bleeding,,,100.0,100.0,,,0.0,,0.0,apply_status,critical_strike,,0,0.0,0.0,0.0,0,0.0,0.0,,0.0,0.0,0.25,0.0,Bleed,0.0
Positive_Your_retaliation_damage_also_applies_a_bleed_sta#1,Positive_Your_retaliation_damage_also_applies_a_bleed_sta,,,100.0,100.0,,,0.0,,0.0,apply_status,retaliation_dealt,,0,0.0,0.0,0.0,0,0.0,0.0,,0.0,0.0,0.25,0.0,Bleed,0.0
Positive_Retaliation_damage_has_a_20_40_chance_to_stagg#1,Positive_Retaliation_damage_has_a_20_40_chance_to_stagg,,,20.0,40.0,,,0.0,,0.0,apply_status,retaliation_dealt,,0,0.0,0.0,0.0,0,0.0,0.0,,0.0,0.0,0.25,0.0,Stagger,0.0
Positive_Retaliation_damage_applies_a_2_4_second_slow_to#1,Positive_Retaliation_damage_applies_a_2_4_second_slow_to,,,2.0,4.0,,,0.0,,0.0,apply_status_seconds,retaliation_dealt,,0,0.0,0.0,0.0,0,0.0,0.0,,0.0,0.0,0.25,0.0,Cripple,0.0
Positive_Strike_skills_have_a_15_30_chance_to_apply_a_r#1,Positive_Strike_skills_have_a_15_30_chance_to_apply_a_r,,,15.0,30.0,Type.Strike,,0.0,,0.0,apply_status,hit_dealt,,0,0.0,0.0,0.0,0,0.0,0.0,,0.0,0.0,0.25,0.0,Random Debuff,0.0
Positive_Your_first_hit_against_each_enemy_has_a_50_100#1,Positive_Your_first_hit_against_each_enemy_has_a_50_100,,,50.0,100.0,,,0.0,,0.0,apply_status,first_hit_dealt,,0,0.0,0.0,0.0,0,0.0,0.0,,0.0,0.0,0.25,0.0,Stagger,0.0
Positive_Gadgets_apply_a_1_2_second_stagger_to_enemies_th#1,Positive_Gadgets_apply_a_1_2_second_stagger_to_enemies_th,,,1.0,2.0,,,0.0,,0.0,apply_status_seconds,deployable_hit,,0,0.0,0.0,0.0,0,0.0,0.0,,0.0,0.0,5.0,0.0,Stagger,0.0
Positive_Your_damage_over_time_effects_deal_50_100_more#1,Positive_Your_damage_over_time_effects_deal_50_100_more,dot_damage,more,50.0,100.0,,,0.0,,0.0,,,,0,0.0,0.0,0.0,0,0.0,0.0,,0.0,0.0,0.0,0.0,,0.0
Positive_You_deal_3_5_more_damage_to_an_enemy_carrying#1,Positive_You_deal_3_5_more_damage_to_an_enemy_carrying,attack_damage,more,3.0,5.0,,target_carries_void_splinter,0.0,,0.0,,,,0,0.0,0.0,0.0,0,0.0,0.0,,0.0,0.0,0.0,0.0,,0.0
Positive_You_deal_3_5_more_damage_to_an_enemy_carrying#2,Positive_You_deal_3_5_more_damage_to_an_enemy_carrying,spell_damage,more,3.0,5.0,,target_carries_void_splinter,0.0,,0.0,,,,0,0.0,0.0,0.0,0,0.0,0.0,,0.0,0.0,0.0,0.0,,0.0
Positive_You_block_for_65_75_of_damage_instead_of_the_n#1,Positive_You_block_for_65_75_of_damage_instead_of_the_n,block_damage_reduction,flat,15.0,25.0,,,0.0,,0.0,,,,0,0.0,0.0,0.0,0,0.0,0.0,,0.0,0.0,0.0,0.0,,0.0
Positive_Blocking_an_attack_has_a_20_40_chance_to_fully#1,Positive_Blocking_an_attack_has_a_20_40_chance_to_fully,block_negation_chance,flat,20.0,40.0,,,0.0,,0.0,,,,0,0.0,0.0,0.0,0,0.0,0.0,,0.0,0.0,0.0,0.0,,0.0
Positive_Consecutive_blocks_within_3_seconds_each_block_5#1,Positive_Consecutive_blocks_within_3_seconds_each_block_5,block_damage_reduction,flat,5.0,10.0,,,0.0,own_stacks,1.0,,block,,7,3.0,0.0,0.0,0,0.0,0.0,,0.0,0.0,0.0,0.0,,0.0
Positive_Archon_s_Aegis_6_Piece_Bonus_When_you_block_a#1,Positive_Archon_s_Aegis_6_Piece_Bonus_When_you_block_a,,,3.0,3.0,,,0.0,,0.0,damage_immunity,block,,0,0.0,0.0,0.0,0,0.0,0.0,,0.0,0.0,10.0,0.0,,0.0
Positive_When_your_energy_shield_fully_recharges_release#1,Positive_When_your_energy_shield_fully_recharges_release,,,50.0,100.0,,,0.0,,0.0,smite_nearby,energy_shield_recharged,,0,0.0,0.0,0.0,0,0.0,0.0,,0.0,0.0,0.0,0.0,,0.0
Positive_Reflect_20_100_of_damage_blocked_back_at_attac#1,Positive_Reflect_20_100_of_damage_blocked_back_at_attac,,,20.0,100.0,,,0.0,,0.0,reflect_blocked,block,,0,0.0,0.0,0.0,0,0.0,0.0,,0.0,0.0,0.25,0.0,,0.0
Positive_Every_3_blocks_in_quick_succession_triggers_a_sh#1,Positive_Every_3_blocks_in_quick_succession_triggers_a_sh,,,100.0,200.0,,,0.0,,0.0,smite_nearby,block,,0,3.0,0.0,0.0,3,0.0,0.0,,0.0,0.0,0.25,0.0,,0.0
Positive_Blocking_attacks_deals_200_400_of_your_armor_a#1,Positive_Blocking_attacks_deals_200_400_of_your_armor_a,,,200.0,400.0,,,0.0,,0.0,smite_nearby_by_armor,block,,0,0.0,0.0,0.0,0,0.0,0.0,,0.0,0.0,0.25,0.0,,0.0
Positive_Your_support_ability_affects_all_allies_within_1#1,Positive_Your_support_ability_affects_all_allies_within_1,support_buff_shared_within_metres,flat,15.0,15.0,,,0.0,,0.0,,,,0,0.0,0.0,0.0,0,0.0,0.0,,0.0,0.0,0.0,0.0,,0.0
Positive_Applying_a_buff_to_yourself_also_applies_it_to_a#1,Positive_Applying_a_buff_to_yourself_also_applies_it_to_a,self_buff_shared_within_metres,flat,8.0,8.0,,,0.0,,0.0,,,,0,0.0,0.0,0.0,0,0.0,0.0,,0.0,0.0,0.0,0.0,,0.0
Positive_Nearby_allies_gain_10_20_more_damage#1,Positive_Nearby_allies_gain_10_20_more_damage,nearby_allies_more_damage,flat,10.0,20.0,,,0.0,,0.0,,,,0,0.0,0.0,0.0,0,0.0,0.0,,0.0,0.0,0.0,0.0,,0.0
Positive_Enemies_killed_by_necrosis_rise_as_temporary_min#1,Positive_Enemies_killed_by_necrosis_rise_as_temporary_min,necrosis_kill_raises_imp_seconds,flat,5.0,10.0,,,0.0,,0.0,,,,0,0.0,0.0,0.0,0,0.0,0.0,,0.0,0.0,0.0,0.0,,0.0
Positive_When_a_minion_dies_it_automatically_re_summons_a#1,Positive_When_a_minion_dies_it_automatically_re_summons_a,minion_resummoned_after_seconds,flat,6.0,3.0,,,0.0,,0.0,,,,0,0.0,0.0,0.0,0,0.0,0.0,,0.0,0.0,0.0,0.0,,0.0
Positive_Your_aura_also_applies_its_effect_to_all_allies#1,Positive_Your_aura_also_applies_its_effect_to_all_allies,aura_shares_immunities_with_allies,flat,1.0,1.0,,,0.0,,0.0,,,,0,0.0,0.0,0.0,0,0.0,0.0,,0.0,0.0,0.0,0.0,,0.0
Positive_Your_movement_ability_has_2_charges#1,Positive_Your_movement_ability_has_2_charges,skill_charges_bonus,flat,1.0,1.0,Slot.Movement,,0.0,,0.0,,,,0,0.0,0.0,0.0,0,0.0,0.0,,0.0,0.0,0.0,0.0,,0.0
Positive_You_are_cleansed_every_5_seconds#1,Positive_You_are_cleansed_every_5_seconds,,,100.0,100.0,,,0.0,,0.0,cleanse,every_seconds,,0,0.0,0.0,5.0,0,0.0,0.0,,0.0,0.0,0.0,0.0,,0.0
Negative_You_take_10_20_of_the_damage_dealt_by_your_own#1,Negative_You_take_10_20_of_the_damage_dealt_by_your_own,,,-10.0,-20.0,Type.AOE.PointBlank,,0.0,,0.0,health,hit_dealt,event_amount,0,0.0,0.0,0.0,0,0.0,0.0,,0.0,0.0,0.0,0.0,,0.0
Negative_Your_retaliation_damage_also_applies_to_you_at_2#1,Negative_Your_retaliation_damage_also_applies_to_you_at_2,,,-25.0,-50.0,,,0.0,,0.0,health,retaliation_dealt,event_amount,0,0.0,0.0,0.0,0,0.0,0.0,,0.0,0.0,0.0,0.0,,0.0
Negative_Your_retaliation_damage_also_damages_you_at_20#1,Negative_Your_retaliation_damage_also_damages_you_at_20,,,-20.0,-40.0,,,0.0,,0.0,health,retaliation_dealt,event_amount,0,0.0,0.0,0.0,0,0.0,0.0,,0.0,0.0,0.0,0.0,,0.0
Negative_You_take_10_20_of_the_damage_you_reflect#1,Negative_You_take_10_20_of_the_damage_you_reflect,,,-10.0,-20.0,,,0.0,,0.0,health,retaliation_dealt,event_amount,0,0.0,0.0,0.0,0,0.0,0.0,,0.0,0.0,0.0,0.0,,0.0
Positive_Starvation_10_Piece_Bonus_When_you_kill_an_en#1,Positive_Starvation_10_Piece_Bonus_When_you_kill_an_en,life_leech,increased,5.0,5.0,,,0.0,own_stacks,1.0,,kill,,10,4.0,0.0,0.0,0,0.0,0.0,,0.0,0.0,0.0,0.0,,0.0
Positive_Starvation_10_Piece_Bonus_When_you_kill_an_en#2,Positive_Starvation_10_Piece_Bonus_When_you_kill_an_en,mana_leech,increased,5.0,5.0,,,0.0,own_stacks,1.0,,kill,,10,4.0,0.0,0.0,0,0.0,0.0,,0.0,0.0,0.0,0.0,,0.0
Positive_Starvation_10_Piece_Bonus_When_you_kill_an_en#3,Positive_Starvation_10_Piece_Bonus_When_you_kill_an_en,energy_shield_leech,increased,5.0,5.0,,,0.0,own_stacks,1.0,,kill,,10,4.0,0.0,0.0,0,0.0,0.0,,0.0,0.0,0.0,0.0,,0.0
Positive_Brute_s_Heart_6_Piece_Bonus_When_your_health#1,Positive_Brute_s_Heart_6_Piece_Bonus_When_your_health,armor,increased,50.0,50.0,,health_below,50.0,,0.0,,,,0,0.0,0.0,0.0,0,0.0,0.0,,0.0,0.0,0.0,0.0,,0.0
Positive_Bleeding_enemies_take_20_40_increased_damage_f#1,Positive_Bleeding_enemies_take_20_40_increased_damage_f,,,20.0,40.0,,,0.0,,0.0,ailment_damage_taken,,,0,0.0,0.0,0.0,0,0.0,0.0,,0.0,0.0,0.0,0.0,Bleed,0.0
Positive_Enemies_affected_by_your_burn_effects_have_10_2#1,Positive_Enemies_affected_by_your_burn_effects_have_10_2,,,10.0,20.0,,,0.0,,0.0,ailment_armor_removed,,,0,0.0,0.0,0.0,0,0.0,0.0,,0.0,0.0,0.0,0.0,Burn,0.0
Positive_Disease_effects_you_apply_also_reduce_enemy_armo#1,Positive_Disease_effects_you_apply_also_reduce_enemy_armo,,,5.0,15.0,,,0.0,,0.0,ailment_armor_removed,,,0,0.0,0.0,0.0,0,0.0,0.0,,0.0,0.0,0.0,0.0,Disease,0.0
Positive_Poisoned_enemies_deal_2_4_less_damage#1,Positive_Poisoned_enemies_deal_2_4_less_damage,,,2.0,4.0,,,0.0,,0.0,ailment_damage_dealt,,,0,0.0,0.0,0.0,0,0.0,0.0,,0.0,0.0,0.0,0.0,Poison,0.0
Positive_Disease_effects_reduce_enemy_healing_by_50_100#1,Positive_Disease_effects_reduce_enemy_healing_by_50_100,,,50.0,100.0,,,0.0,,0.0,ailment_healing_received,,,0,0.0,0.0,0.0,0,0.0,0.0,,0.0,0.0,0.0,0.0,Disease,0.0
Positive_Poisoned_enemies_are_slowed_by_30_50#1,Positive_Poisoned_enemies_are_slowed_by_30_50,,,30.0,50.0,,,0.0,,0.0,ailment_speed,,,0,0.0,0.0,0.0,0,0.0,0.0,,0.0,0.0,0.0,0.0,Poison,0.0
Positive_Bleeding_enemies_move_5_10_slower#1,Positive_Bleeding_enemies_move_5_10_slower,,,5.0,10.0,,,0.0,,0.0,ailment_movement_speed,,,0,0.0,0.0,0.0,0,0.0,0.0,,0.0,0.0,0.0,0.0,Bleed,0.0
Positive_Every_skill_use_has_a_5_15_chance_to_cast_a_se#1,Positive_Every_skill_use_has_a_5_15_chance_to_cast_a_se,,,5.0,15.0,,,0.0,,0.0,repeat_skill,skill_use,,0,0.0,0.0,0.0,0,0.0,0.0,,0.0,0.0,0.0,0.0,,0.0
Positive_Spells_have_a_10_20_chance_to_cast_a_second_ti#1,Positive_Spells_have_a_10_20_chance_to_cast_a_second_ti,,,10.0,20.0,Type.Spell,,0.0,,0.0,repeat_skill,skill_use,,0,0.0,0.0,0.0,0,0.0,0.0,,0.0,0.0,0.0,0.0,,0.0
Positive_Each_skill_has_a_20_40_chance_to_cast_a_duplic#1,Positive_Each_skill_has_a_20_40_chance_to_cast_a_duplic,,,20.0,40.0,,,0.0,,0.0,repeat_skill,skill_use,,0,0.0,0.0,0.0,0,0.0,0.0,,0.0,0.0,0.0,0.0,,50.0
Positive_Your_heavy_attack_applies_its_full_effect_twice#1,Positive_Your_heavy_attack_applies_its_full_effect_twice,,,100.0,100.0,Slot.Heavy,stationary_for_seconds,2.0,,0.0,repeat_skill,skill_use,,0,0.0,0.0,0.0,0,0.0,0.0,,0.0,0.0,0.0,0.0,,0.0
Positive_Your_spells_echo_1_time#1,Positive_Your_spells_echo_1_time,,,100.0,100.0,Type.Spell,,0.0,,0.0,repeat_skill,skill_use,,0,0.0,0.0,0.0,0,0.0,0.0,,0.0,0.0,0.0,0.0,,0.0
Positive_Your_ultimate_ability_applies_its_effect_twice#1,Positive_Your_ultimate_ability_applies_its_effect_twice,,,100.0,100.0,Slot.Ultimate,,0.0,,0.0,repeat_skill,skill_use,,0,0.0,0.0,0.0,0,0.0,0.0,,0.0,0.0,0.0,0.0,,0.0
Positive_Your_melee_attacks_have_a_12_15_chance_to_trig#1,Positive_Your_melee_attacks_have_a_12_15_chance_to_trig,,,12.0,15.0,Type.Melee,,0.0,,0.0,repeat_skill,attack_use,,0,0.0,0.0,0.0,0,0.0,0.0,,0.0,0.0,0.0,0.0,,0.0
Positive_Spellblade_s_Will_2_Piece_Bonus_Your_melee_at#1,Positive_Spellblade_s_Will_2_Piece_Bonus_Your_melee_at,,,25.0,25.0,Type.Melee,,0.0,,0.0,trigger_held_skill,attack_use,,0,0.0,0.0,0.0,0,0.0,0.0,,0.0,0.0,0.0,0.0,,0.0
Negative_Melee_damage_is_reduced_by_50#1,Negative_Melee_damage_is_reduced_by_50,attack_damage,increased,-50.0,-50.0,Type.Melee,,0.0,,0.0,,,,0,0.0,0.0,0.0,0,0.0,0.0,,0.0,0.0,0.0,0.0,,0.0
Positive_Skills_can_spend_HP_instead_of_mana_at_a_3_1_rat#1,Positive_Skills_can_spend_HP_instead_of_mana_at_a_3_1_rat,skill_cost_paid_from_health_when_short,flat,3.0,3.0,,,0.0,,0.0,,,,0,0.0,0.0,0.0,0,0.0,0.0,,0.0,0.0,0.0,0.0,,0.0
Positive_Reaper_s_Embrace_2_Piece_Bonus_You_gain_10_m#1,Positive_Reaper_s_Embrace_2_Piece_Bonus_You_gain_10_m,healing_received,more,10.0,10.0,,,0.0,,0.0,,,,0,0.0,0.0,0.0,0,0.0,0.0,,0.0,0.0,0.0,0.0,,0.0
Negative_All_of_your_life_regeneration_effects_are_reduce#1,Negative_All_of_your_life_regeneration_effects_are_reduce,health_regen,increased,-50.0,-50.0,,,0.0,,0.0,,,,0,0.0,0.0,0.0,0,0.0,0.0,,0.0,0.0,0.0,0.0,,0.0
Negative_Your_cooldown_abilities_have_a_25_chance_to_dea#1,Negative_Your_cooldown_abilities_have_a_25_chance_to_dea,,,25.0,25.0,,,0.0,,0.0,cooldown_use_no_damage,skill_use,,0,0.0,0.0,0.0,0,0.0,0.0,,0.0,0.0,0.0,0.0,,0.0
Negative_Strike_skills_have_a_10_20_chance_to_miss_enti#1,Negative_Strike_skills_have_a_10_20_chance_to_miss_enti,,,10.0,20.0,Type.Strike,,0.0,,0.0,use_no_damage,skill_use,,0,0.0,0.0,0.0,0,0.0,0.0,,0.0,0.0,0.0,0.0,,0.0
Negative_Projectiles_have_a_20_35_chance_to_explode_pre#1,Negative_Projectiles_have_a_20_35_chance_to_explode_pre,,,20.0,35.0,Type.Projectile,,0.0,,0.0,use_no_damage,attack_use,,0,0.0,0.0,0.0,0,0.0,0.0,,0.0,0.0,0.0,0.0,,0.0
Positive_Spells_that_hit_you_have_a_15_30_chance_to_be#1,Positive_Spells_that_hit_you_have_a_15_30_chance_to_be,spell_absorb_chance,flat,15.0,30.0,,,0.0,,0.0,,,,0,0.0,0.0,0.0,0,0.0,0.0,,0.0,0.0,0.0,0.0,,0.0
Positive_Melee_attacks_that_hit_you_have_a_10_20_chance#1,Positive_Melee_attacks_that_hit_you_have_a_10_20_chance,melee_reflect_chance,flat,10.0,20.0,,,0.0,,0.0,,,,0,0.0,0.0,0.0,0,0.0,0.0,,0.0,0.0,0.0,0.0,,0.0
Positive_Melee_skills_have_a_10_20_chance_to_hit_all_en#1,Positive_Melee_skills_have_a_10_20_chance_to_hit_all_en,,,10.0,20.0,Type.Melee,,0.0,,0.0,use_hits_all_nearby,skill_use,,0,0.0,0.0,0.0,0,0.0,0.0,,0.0,0.0,0.0,0.0,,0.0
Positive_Spellblade_s_Will_10_Piece_Bonus_Your_melee_a#1,Positive_Spellblade_s_Will_10_Piece_Bonus_Your_melee_a,,,25.0,25.0,Type.Melee,,0.0,,0.0,trigger_held_spell,attack_use,,0,0.0,0.0,0.0,0,0.0,0.0,,0.0,0.0,0.0,0.0,,0.0
Negative_Enemies_within_5_metres_gain_20_40_resistances#1,Negative_Enemies_within_5_metres_gain_20_40_resistances,penetration,flat,-20.0,-40.0,,target_within_metres,5.0,,0.0,,,,0,0.0,0.0,0.0,0,0.0,0.0,,0.0,0.0,0.0,0.0,,0.0
Negative_Persistent_AOE_effects_expire_40_60_faster#1,Negative_Persistent_AOE_effects_expire_40_60_faster,persistent_area_duration,increased,-40.0,-60.0,,,0.0,,0.0,,,,0,0.0,0.0,0.0,0,0.0,0.0,,0.0,0.0,0.0,0.0,,0.0
Positive_Persistent_AOE_zones_deal_10_20_increased_dama#1,Positive_Persistent_AOE_zones_deal_10_20_increased_dama,zone_damage_per_enemy_inside,flat,10.0,20.0,,,0.0,,0.0,,,,0,0.0,0.0,0.0,0,0.0,0.0,,0.0,0.0,0.0,0.0,,0.0
Positive_Your_persistent_AOE_zones_also_slow_enemies_with#1,Positive_Your_persistent_AOE_zones_also_slow_enemies_with,zone_slow_percent,flat,20.0,35.0,,,0.0,,0.0,,,,0,0.0,0.0,0.0,0,0.0,0.0,,0.0,0.0,0.0,0.0,,0.0
Negative_You_can_only_have_1_persistent_AOE_effect_active#1,Negative_You_can_only_have_1_persistent_AOE_effect_active,only_one_persistent_area,flat,1.0,1.0,,,0.0,,0.0,,,,0,0.0,0.0,0.0,0,0.0,0.0,,0.0,0.0,0.0,0.0,,0.0
Positive_Disease_effects_you_apply_spread_to_1_3_nearby_e#1,Positive_Disease_effects_you_apply_spread_to_1_3_nearby_e,,,1.0,3.0,,,0.0,,0.0,ailment_spread_on_death,,,0,0.0,0.0,0.0,0,0.0,0.0,,0.0,0.0,0.0,0.0,Disease,0.0
Positive_When_a_bleeding_enemy_dies_its_bleed_spreads_to#1,Positive_When_a_bleeding_enemy_dies_its_bleed_spreads_to,,,1.0,1.0,,,0.0,,0.0,ailment_spread_on_death,,,0,0.0,0.0,0.0,0,0.0,0.0,,0.0,0.0,0.0,0.0,Bleed,0.0
Negative_Melee_skills_have_a_10_20_chance_to_hit_you_in#1,Negative_Melee_skills_have_a_10_20_chance_to_hit_you_in,,,10.0,20.0,Type.Melee,,0.0,,0.0,use_hits_its_user,skill_use,,0,0.0,0.0,0.0,0,0.0,0.0,,0.0,0.0,0.0,0.0,,0.0
Negative_Spells_have_a_15_25_chance_to_backfire_dealing#1,Negative_Spells_have_a_15_25_chance_to_backfire_dealing,,,15.0,25.0,Type.Spell,,0.0,,0.0,use_backfires,skill_use,,0,0.0,0.0,0.0,0,0.0,0.0,,0.0,0.0,0.0,0.0,,0.0
Positive_Void_splinter_stacks_detonate_for_50_100_incre#1,Positive_Void_splinter_stacks_detonate_for_50_100_incre,,,50.0,100.0,,,0.0,,0.0,ailment_detonates_when_reapplied,,,0,0.0,0.0,0.0,0,0.0,0.0,,0.0,0.0,0.0,0.0,Void Splinter,0.0
Positive_Enemies_that_enter_your_persistent_AOE_zones_are#1,Positive_Enemies_that_enter_your_persistent_AOE_zones_are,zone_staggers_on_entry,flat,1.0,1.0,,,0.0,,0.0,,,,0,0.0,0.0,0.0,0,0.0,0.0,,0.0,0.0,0.0,0.0,,0.0
Positive_Persistent_AOE_zones_apply_a_DoT_to_enemies_stan#1,Positive_Persistent_AOE_zones_apply_a_DoT_to_enemies_stan,zone_applies_own_ailment,flat,1.0,1.0,,,0.0,,0.0,,,,0,0.0,0.0,0.0,0,0.0,0.0,,0.0,0.0,0.0,0.0,,0.0
Positive_You_deal_15_30_increased_damage_to_enemies_sta#1,Positive_You_deal_15_30_increased_damage_to_enemies_sta,attack_damage,increased,15.0,30.0,,target_in_your_zone,0.0,,0.0,,,,0,0.0,0.0,0.0,0,0.0,0.0,,0.0,0.0,0.0,0.0,,0.0
Positive_You_deal_15_30_increased_damage_to_enemies_sta#2,Positive_You_deal_15_30_increased_damage_to_enemies_sta,spell_damage,increased,15.0,30.0,,target_in_your_zone,0.0,,0.0,,,,0,0.0,0.0,0.0,0,0.0,0.0,,0.0,0.0,0.0,0.0,,0.0
Positive_Void_splinter_stacks_spread_to_nearby_enemies_wh#1,Positive_Void_splinter_stacks_spread_to_nearby_enemies_wh,,,100.0,100.0,,,0.0,,0.0,ailment_spread_on_death,,,0,0.0,0.0,0.0,0,0.0,0.0,,0.0,0.0,0.0,0.0,Void Splinter,0.0
Positive_Plague_Doctor_6_Piece_Bonus_When_you_apply_a#1,Positive_Plague_Doctor_6_Piece_Bonus_When_you_apply_a,dot_application_refreshes_others,flat,1.0,1.0,,,0.0,,0.0,,,,0,0.0,0.0,0.0,0,0.0,0.0,,0.0,0.0,0.0,0.0,,0.0
Positive_Your_movement_ability_leaves_a_persistent_AOE_zo#1,Positive_Your_movement_ability_leaves_a_persistent_AOE_zo,zone_at_start_and_end_seconds,flat,3.0,5.0,Slot.Movement,,0.0,,0.0,,,,0,0.0,0.0,0.0,0,0.0,0.0,,0.0,0.0,0.0,0.0,,0.0
Positive_Charge_skills_leave_a_persistent_AOE_zone_at_the#1,Positive_Charge_skills_leave_a_persistent_AOE_zone_at_the,zone_at_impact_seconds,flat,3.0,6.0,Keyword.Charge,,0.0,,0.0,,,,0,0.0,0.0,0.0,0,0.0,0.0,,0.0,0.0,0.0,0.0,,0.0
Positive_Your_spells_leave_a_persistent_AOE_zone_at_the_i#1,Positive_Your_spells_leave_a_persistent_AOE_zone_at_the_i,zone_at_impact_seconds,flat,2.0,4.0,Type.Spell,,0.0,,0.0,,,,0,0.0,0.0,0.0,0,0.0,0.0,,0.0,0.0,0.0,0.0,,0.0
Negative_Persistent_AOE_zones_also_damage_you_if_you_stan#1,Negative_Persistent_AOE_zones_also_damage_you_if_you_stan,zone_damages_its_owner,flat,1.0,1.0,,,0.0,,0.0,,,,0,0.0,0.0,0.0,0,0.0,0.0,,0.0,0.0,0.0,0.0,,0.0
Positive_Your_persistent_AOE_zones_follow_you_as_you_move#1,Positive_Your_persistent_AOE_zones_follow_you_as_you_move,zone_follows_owner_percent,flat,50.0,50.0,,,0.0,,0.0,,,,0,0.0,0.0,0.0,0,0.0,0.0,,0.0,0.0,0.0,0.0,,0.0
Positive_Your_minions_leave_behind_chaos_pools_when_they#1,Positive_Your_minions_leave_behind_chaos_pools_when_they,minions_leave_chaos_pools,flat,1.0,1.0,,,0.0,,0.0,,,,0,0.0,0.0,0.0,0,0.0,0.0,,0.0,0.0,0.0,0.0,,0.0
Positive_Plague_Doctor_10_Piece_Bonus_When_an_enemy_di#1,Positive_Plague_Doctor_10_Piece_Bonus_When_an_enemy_di,,,20.0,20.0,,,0.0,,0.0,blast_from_the_dying,afflicted_death,,0,0.0,0.0,0.0,0,0.0,0.0,,0.0,0.0,0.0,0.0,,0.0
Negative_Enemies_you_kill_explode_and_deal_5_10_of_thei#1,Negative_Enemies_you_kill_explode_and_deal_5_10_of_thei,,,-5.0,-10.0,,,0.0,,0.0,health,kill,event_amount,0,0.0,0.0,0.0,0,0.0,0.0,,0.0,0.0,0.0,0.0,,0.0
Positive_Burn_effects_you_apply_spread_to_1_2_nearby_enem#1,Positive_Burn_effects_you_apply_spread_to_1_2_nearby_enem,,,1.0,2.0,,,0.0,,0.0,ailment_spread_on_application,,,0,0.0,0.0,0.0,0,0.0,0.0,,0.0,0.0,0.0,0.0,Burn,0.0
Positive_100_of_your_block_value_is_added_to_your_retali#1,Positive_100_of_your_block_value_is_added_to_your_retali,,,100.0,100.0,,,0.0,,0.0,reflect_blocked,block,,0,0.0,0.0,0.0,0,0.0,0.0,,0.0,0.0,0.25,0.0,,0.0
Negative_Taking_a_hit_has_a_15_25_chance_to_trigger_a_r#1,Negative_Taking_a_hit_has_a_15_25_chance_to_trigger_a_r,,,15.0,25.0,,,0.0,,0.0,apply_status_to_self,hit_taken,,0,0.0,0.0,0.0,0,0.0,0.0,,0.0,0.0,0.25,0.0,Random Debuff,0.0
Negative_Critical_strikes_have_a_20_35_chance_to_trigge#1,Negative_Critical_strikes_have_a_20_35_chance_to_trigge,,,20.0,35.0,,,0.0,,0.0,apply_status_to_self,critical_strike,,0,0.0,0.0,0.0,0,0.0,0.0,,0.0,0.0,0.25,0.0,Random Debuff,0.0
Negative_Every_15_seconds_a_random_debuff_is_applied_to_y#1,Negative_Every_15_seconds_a_random_debuff_is_applied_to_y,,,100.0,100.0,,,0.0,,0.0,apply_status_to_self,every_seconds,,0,0.0,0.0,15.0,0,0.0,0.0,,0.0,0.0,0.0,0.0,Random Debuff,0.0
Negative_After_using_a_charge_skill_you_are_briefly_stunn#1,Negative_After_using_a_charge_skill_you_are_briefly_stunn,,,0.5,1.0,Keyword.Charge,,0.0,,0.0,apply_status_to_self_seconds,skill_end,,0,0.0,0.0,0.0,0,0.0,0.0,,0.0,0.0,0.0,0.0,Stun,0.0
Negative_When_you_apply_a_DOT_1_4_stacks_are_applied_to#1,Negative_When_you_apply_a_DOT_1_4_stacks_are_applied_to,,,1.0,4.0,,,0.0,,0.0,apply_status_to_self_sized,dot_applied,,0,0.0,0.0,0.0,0,0.0,0.0,,0.0,0.0,0.0,0.0,Applied DoT,0.0
Negative_Bleed_effects_applied_to_you_deal_30_50_increa#1,Negative_Bleed_effects_applied_to_you_deal_30_50_increa,damage_over_time_taken,increased,30.0,50.0,Keyword.DoT.Bleed,,0.0,,0.0,,,,0,0.0,0.0,0.0,0,0.0,0.0,,0.0,0.0,0.0,0.0,,0.0
Negative_Bleeding_on_you_lasts_50_100_longer#1,Negative_Bleeding_on_you_lasts_50_100_longer,debuff_duration_taken,increased,50.0,100.0,Keyword.DoT.Bleed,,0.0,,0.0,,,,0,0.0,0.0,0.0,0,0.0,0.0,,0.0,0.0,0.0,0.0,,0.0
Positive_Unaffected_by_bleeding#1,Positive_Unaffected_by_bleeding,ailment_immunity,flat,1.0,1.0,Keyword.DoT.Bleed,,0.0,,0.0,,,,0,0.0,0.0,0.0,0,0.0,0.0,,0.0,0.0,0.0,0.0,,0.0
Positive_10_20_of_bleed_damage_you_take_is_taken_from_y#1,Positive_10_20_of_bleed_damage_you_take_is_taken_from_y,bleed_damage_taken_from_energy_shield,flat,10.0,20.0,,,0.0,,0.0,,,,0,0.0,0.0,0.0,0,0.0,0.0,,0.0,0.0,0.0,0.0,,0.0
Positive_DoTs_deal_damage_to_your_mana_pool_first#1,Positive_DoTs_deal_damage_to_your_mana_pool_first,damage_over_time_taken_from_mana_first,flat,1.0,1.0,,,0.0,,0.0,,,,0,0.0,0.0,0.0,0,0.0,0.0,,0.0,0.0,0.0,0.0,,0.0
Negative_Your_persistent_AOE_zones_apply_their_effects_to#1,Negative_Your_persistent_AOE_zones_apply_their_effects_to,zone_applies_effects_to_owner,flat,1.0,1.0,,,0.0,,0.0,,,,0,0.0,0.0,0.0,0,0.0,0.0,,0.0,0.0,0.0,0.0,,0.0
Positive_Your_cooldown_abilities_have_a_5_20_chance_to#1,Positive_Your_cooldown_abilities_have_a_5_20_chance_to,,,5.0,20.0,,,0.0,,50.0,cooldown_use_increased_damage,skill_use,,0,0.0,0.0,0.0,0,200.0,0.0,,0.0,0.0,0.0,0.0,,0.0
Positive_Bleed_damage_you_deal_also_leeches_10_20_of_it#1,Positive_Bleed_damage_you_deal_also_leeches_10_20_of_it,life_leech,flat,10.0,20.0,Keyword.DoT.Bleed,,0.0,,0.0,,,,0,0.0,0.0,0.0,0,0.0,0.0,,0.0,0.0,0.0,0.0,,0.0
Positive_Starvation_6_Piece_Bonus_You_gain_5_damage_r#1,Positive_Starvation_6_Piece_Bonus_You_gain_5_damage_r,damage_reduction,flat,5.0,5.0,,,0.0,leech_pools_in_flight,1.0,,,,0,0.0,0.0,0.0,0,0.0,0.0,,0.0,0.0,0.0,0.0,,0.0
Positive_Damage_absorbed_by_your_energy_shield_is_convert#1,Positive_Damage_absorbed_by_your_energy_shield_is_convert,shield_absorbed_damage_added_to_next_attack_cap_percent,flat,100.0,100.0,,,0.0,,0.0,,,,0,0.0,0.0,0.0,0,0.0,0.0,,0.0,0.0,0.0,0.0,,0.0
Positive_Absorbed_spell_damage_is_converted_to_bonus_dama#1,Positive_Absorbed_spell_damage_is_converted_to_bonus_dama,spell_absorbed_damage_added_to_next_attack_cap_percent,flat,100.0,100.0,,,0.0,,0.0,,,,0,0.0,0.0,0.0,0,0.0,0.0,,0.0,0.0,0.0,0.0,,0.0
Positive_Enemies_killed_by_you_explode_for_the_overkill_a#1,Positive_Enemies_killed_by_you_explode_for_the_overkill_a,,,100.0,100.0,,,0.0,,0.0,explode_victim_for_overkill,kill,,0,0.0,0.0,0.0,0,0.0,0.0,,0.0,0.0,0.0,0.0,,0.0
Negative_DoTs_on_you_have_100_300_more_duration#1,Negative_DoTs_on_you_have_100_300_more_duration,debuff_duration_taken,more,100.0,300.0,Keyword.DoT,,0.0,,0.0,,,,0,0.0,0.0,0.0,0,0.0,0.0,,0.0,0.0,0.0,0.0,,0.0
Positive_Your_class_resource_generates_20_40_faster#1,Positive_Your_class_resource_generates_20_40_faster,class_resource_generation,increased,20.0,40.0,,,0.0,,0.0,,,,0,0.0,0.0,0.0,0,0.0,0.0,,0.0,0.0,0.0,0.0,,0.0
Negative_Your_class_resource_generates_30_50_slower#1,Negative_Your_class_resource_generates_30_50_slower,class_resource_generation,increased,-30.0,-50.0,,,0.0,,0.0,,,,0,0.0,0.0,0.0,0,0.0,0.0,,0.0,0.0,0.0,0.0,,0.0
Negative_DoTs_on_you_tick_twice_as_fast_while_moving#1,Negative_DoTs_on_you_tick_twice_as_fast_while_moving,damage_over_time_taken,more,100.0,100.0,,while_moving,0.0,,0.0,,,,0,0.0,0.0,0.0,0,0.0,0.0,,0.0,0.0,0.0,0.0,,0.0
Positive_Traps_deal_20_40_increased_damage#1,Positive_Traps_deal_20_40_increased_damage,minion_damage,increased,20.0,40.0,Type.Trap,,0.0,,0.0,,,,0,0.0,0.0,0.0,0,0.0,0.0,,0.0,0.0,0.0,0.0,,0.0
Positive_Traps_deal_15_30_increased_damage_for_each_oth#1,Positive_Traps_deal_15_30_increased_damage_for_each_oth,minion_damage,increased,15.0,30.0,Type.Trap,,0.0,traps_active,1.0,,,,0,0.0,1.0,0.0,0,0.0,0.0,,0.0,0.0,0.0,0.0,,0.0
Positive_Each_active_gadget_increases_trap_damage_by_10#1,Positive_Each_active_gadget_increases_trap_damage_by_10,minion_damage,increased,10.0,20.0,Type.Trap,,0.0,gadgets_active,1.0,,,,0,0.0,0.0,0.0,0,0.0,0.0,,0.0,0.0,0.0,0.0,,0.0
Positive_Each_gadget_on_the_battlefield_doubles_the_damag#1,Positive_Each_gadget_on_the_battlefield_doubles_the_damag,minion_damage,more,100.0,100.0,Type.Trap,,0.0,gadgets_active,1.0,,,,0,0.0,0.0,0.0,0,0.0,0.0,,0.0,0.0,0.0,0.0,,0.0
Positive_When_you_evade_a_ranged_attack_throw_an_attack#1,Positive_When_you_evade_a_ranged_attack_throw_an_attack,,,20.0,70.0,Type.Ranged,,0.0,,0.0,strike_target,dodge,,0,0.0,0.0,0.0,0,0.0,0.0,,0.0,0.0,0.25,0.0,,0.0
Positive_Every_12_seconds_gain_a_shield_absorbing_15_25#1,Positive_Every_12_seconds_gain_a_shield_absorbing_15_25,,,15.0,25.0,,,0.0,,0.0,temporary_absorb,every_seconds,,0,0.0,0.0,12.0,0,0.0,0.0,,0.0,0.0,0.0,0.0,,0.0
Positive_Overheal_converts_to_a_temporary_shield_absorbin#1,Positive_Overheal_converts_to_a_temporary_shield_absorbin,overheal_absorb_percent_of_maximum_health,flat,10.0,20.0,,,0.0,,0.0,,,,0,0.0,0.0,0.0,0,0.0,0.0,,0.0,0.0,0.0,0.0,,0.0
Positive_Traps_last_50_100_longer_before_expiring#1,Positive_Traps_last_50_100_longer_before_expiring,minion_duration,increased,50.0,100.0,Type.Trap,,0.0,,0.0,,,,0,0.0,0.0,0.0,0,0.0,0.0,,0.0,0.0,0.0,0.0,,0.0
Positive_Gain_50_100_increased_damage_while_under_the_e#1,Positive_Gain_50_100_increased_damage_while_under_the_e,attack_damage,increased,50.0,100.0,,while_under_damage_over_time,0.0,,0.0,,,,0,0.0,0.0,0.0,0,0.0,0.0,,0.0,0.0,0.0,0.0,,0.0
Positive_Gain_50_100_increased_damage_while_under_the_e#2,Positive_Gain_50_100_increased_damage_while_under_the_e,spell_damage,increased,50.0,100.0,,while_under_damage_over_time,0.0,,0.0,,,,0,0.0,0.0,0.0,0,0.0,0.0,,0.0,0.0,0.0,0.0,,0.0
Negative_After_10_seconds_in_combat_you_begin_losing_2_4#1,Negative_After_10_seconds_in_combat_you_begin_losing_2_4,,,-2.0,-4.0,,in_combat_for_seconds,10.0,,0.0,health,every_seconds,maximum,0,0.0,0.0,1.0,0,0.0,0.0,,0.0,0.0,0.0,0.0,,0.0
Negative_While_leeching_reduce_your_max_resistances_by_1#1,Negative_While_leeching_reduce_your_max_resistances_by_1,resistance_cap,flat,-1.0,-3.0,,,0.0,seconds_leeching,1.0,,,,10,0.0,0.0,0.0,0,0.0,0.0,,0.0,0.0,0.0,0.0,,0.0
Negative_Your_energy_shield_takes_30_50_increased_damag#1,Negative_Your_energy_shield_takes_30_50_increased_damag,energy_shield_damage_taken,flat,30.0,50.0,,,0.0,,0.0,,,,0,0.0,0.0,0.0,0,0.0,0.0,,0.0,0.0,0.0,0.0,,0.0
Negative_50_less_tick_rate_for_your_leech_effects#1,Negative_50_less_tick_rate_for_your_leech_effects,leech_payout_rate,more,-50.0,-50.0,,,0.0,,0.0,,,,0,0.0,0.0,0.0,0,0.0,0.0,,0.0,0.0,0.0,0.0,,0.0
Positive_Your_heavy_attack_hits_all_enemies_in_a_180_degr#1,Positive_Your_heavy_attack_hits_all_enemies_in_a_180_degr,strike_arc_at_least_degrees,flat,180.0,180.0,Slot.Heavy,,0.0,,0.0,,,,0,0.0,0.0,0.0,0,0.0,0.0,,0.0,0.0,0.0,0.0,,0.0
Positive_Enemies_you_stagger_are_also_briefly_rooted_for#1,Positive_Enemies_you_stagger_are_also_briefly_rooted_for,stagger_root_seconds,flat,0.5,1.5,,,0.0,,0.0,,,,0,0.0,0.0,0.0,0,0.0,0.0,,0.0,0.0,0.0,0.0,,0.0
Positive_Your_movement_abilities_pull_all_nearby_enemies#1,Positive_Your_movement_abilities_pull_all_nearby_enemies,movement_pulls_nearby_on_arrival,flat,1.0,1.0,Slot.Movement,,0.0,,0.0,,,,0,0.0,0.0,0.0,0,0.0,0.0,,0.0,0.0,0.0,0.0,,0.0
Positive_Your_movement_ability_deals_50_100_of_your_wea#1,Positive_Your_movement_ability_deals_50_100_of_your_wea,movement_path_damage_percent,flat,50.0,100.0,Slot.Movement,,0.0,,0.0,,,,0,0.0,0.0,0.0,0,0.0,0.0,,0.0,0.0,0.0,0.0,,0.0
Negative_Your_movement_abilities_now_move_you_in_a_random#1,Negative_Your_movement_abilities_now_move_you_in_a_random,movement_random_direction,flat,1.0,1.0,Slot.Movement,,0.0,,0.0,,,,0,0.0,0.0,0.0,0,0.0,0.0,,0.0,0.0,0.0,0.0,,0.0
Positive_Your_movement_abilities_cause_an_explosion_at_th#1,Positive_Your_movement_abilities_cause_an_explosion_at_th,movement_explodes_at_both_ends,flat,1.0,1.0,Slot.Movement,,0.0,,0.0,,,,0,0.0,0.0,0.0,0,0.0,0.0,,0.0,0.0,0.0,0.0,,0.0
Negative_You_cannot_apply_CC_effects_to_enemies_above_50#1,Negative_You_cannot_apply_CC_effects_to_enemies_above_50,crowd_control_health_ceiling_reduction,flat,50.0,50.0,,,0.0,,0.0,,,,0,0.0,0.0,0.0,0,0.0,0.0,,0.0,0.0,0.0,0.0,,0.0
Positive_Projectiles_ricochet_1_4_times#1,Positive_Projectiles_ricochet_1_4_times,projectile_bounces,flat,1.0,4.0,Type.Projectile,,0.0,,0.0,,,,0,0.0,0.0,0.0,0,0.0,0.0,,0.0,0.0,0.0,0.0,,0.0
Positive_Spells_pierce_through_all_enemies_in_their_path#1,Positive_Spells_pierce_through_all_enemies_in_their_path,projectile_pierce_all,flat,1.0,1.0,Type.Spell,,0.0,,0.0,,,,0,0.0,0.0,0.0,0,0.0,0.0,,0.0,0.0,0.0,0.0,,0.0
